#
# There is insufficient memory for the Java Runtime Environment to continue.
# Native memory allocation (mmap) failed to map 566231040 bytes. Error detail: G1 virtual space
# Possible reasons:
#   The system is out of physical RAM or swap space
#   This process is running with CompressedOops enabled, and the Java Heap may be blocking the growth of the native heap
# Possible solutions:
#   Reduce memory load on the system
#   Increase physical memory or swap space
#   Check if swap backing store is full
#   Decrease Java heap size (-Xmx/-Xms)
#   Decrease number of Java threads
#   Decrease Java thread stack sizes (-Xss)
#   Set larger code cache with -XX:ReservedCodeCacheSize=
#   JVM is running with Zero Based Compressed Oops mode in which the Java heap is
#     placed in the first 32GB address space. The Java Heap base address is the
#     maximum limit for the native heap growth. Please use -XX:HeapBaseMinAddress
#     to set the Java Heap base and to place the Java Heap above 32GB virtual address.
# This output file may be truncated or incomplete.
#
#  Out of Memory Error (os_windows.cpp:3714), pid=11824, tid=27380
#
# JRE version: OpenJDK Runtime Environment Temurin-21.0.10+7 (21.0.10+7) (build 21.0.10+7-LTS)
# Java VM: OpenJDK 64-Bit Server VM Temurin-21.0.10+7 (21.0.10+7-LTS, mixed mode, sharing, tiered, compressed oops, compressed class ptrs, g1 gc, windows-amd64)
# No core dump will be written. Minidumps are not enabled by default on client versions of Windows
#

---------------  S U M M A R Y ------------

Command Line: --add-opens=java.base/java.lang=ALL-UNNAMED --add-opens=java.base/java.lang.invoke=ALL-UNNAMED --add-opens=java.base/java.util=ALL-UNNAMED --add-opens=java.prefs/java.util.prefs=ALL-UNNAMED --add-exports=jdk.compiler/com.sun.tools.javac.api=ALL-UNNAMED --add-exports=jdk.compiler/com.sun.tools.javac.util=ALL-UNNAMED --add-opens=java.base/java.util=ALL-UNNAMED --add-opens=java.prefs/java.util.prefs=ALL-UNNAMED --add-opens=java.base/java.nio.charset=ALL-UNNAMED --add-opens=java.base/java.net=ALL-UNNAMED --add-opens=java.base/java.util.concurrent.atomic=ALL-UNNAMED --add-opens=java.xml/javax.xml.namespace=ALL-UNNAMED -Xmx4096M -Dfile.encoding=UTF-8 -Duser.country=US -Duser.language=en -Duser.variant -javaagent:C:\Users\habib\.gradle\wrapper\dists\gradle-8.14.3-bin\cv11ve7ro1n3o1j4so8xd9n66\gradle-8.14.3\lib\agents\gradle-instrumentation-agent-8.14.3.jar org.gradle.launcher.daemon.bootstrap.GradleDaemon 8.14.3

Host: Intel(R) Core(TM) i5-8250U CPU @ 1.60GHz, 8 cores, 7G,  Windows 11 , 64 bit Build 26100 (10.0.26100.8246)
Time: Wed Apr 22 19:43:04 2026 Romance Daylight Time elapsed time: 9588.705371 seconds (0d 2h 39m 48s)

---------------  T H R E A D  ---------------

Current thread (0x00000178cf17e920):  VMThread "VM Thread"          [id=27380, stack(0x000000669ad00000,0x000000669ae00000) (1024K)]

Stack: [0x000000669ad00000,0x000000669ae00000]
Native frames: (J=compiled Java code, j=interpreted, Vv=VM code, C=native code)
V  [jvm.dll+0x6d7a39]
V  [jvm.dll+0x8b4b26]
V  [jvm.dll+0x8b70de]
V  [jvm.dll+0x8b77c3]
V  [jvm.dll+0x284346]
V  [jvm.dll+0x6d4355]
V  [jvm.dll+0x6c808a]
V  [jvm.dll+0x35edb8]
V  [jvm.dll+0x3669f6]
V  [jvm.dll+0x3b7afe]
V  [jvm.dll+0x3b7da8]
V  [jvm.dll+0x332fbc]
V  [jvm.dll+0x333047]
V  [jvm.dll+0x376e1c]
V  [jvm.dll+0x3755be]
V  [jvm.dll+0x332701]
V  [jvm.dll+0x374fe8]
V  [jvm.dll+0x8bd4b0]
V  [jvm.dll+0x8be824]
V  [jvm.dll+0x8bed50]
V  [jvm.dll+0x8beff3]
V  [jvm.dll+0x85f59d]
V  [jvm.dll+0x6d626d]
C  [ucrtbase.dll+0x37b0]
C  [KERNEL32.DLL+0x2e8d7]
C  [ntdll.dll+0x8c3fc]

VM_Operation (0x000000669b5fe4a0): G1TryInitiateConcMark, mode: safepoint, requested by thread 0x00000178cf1b6350


---------------  P R O C E S S  ---------------

Threads class SMR info:
_java_thread_list=0x000001792b898780, length=88, elements={
0x00000178b2f5afd0, 0x00000178cf19b0b0, 0x00000178cf19e790, 0x00000178cf1a28a0,
0x00000178cf1a3300, 0x00000178cf1a3d60, 0x00000178cf1a5330, 0x00000178cf1a6530,
0x00000178cf1b6350, 0x00000178cf405a50, 0x00000178cf467070, 0x0000017915ea8770,
0x00000178cf5ee500, 0x0000017915b15e70, 0x0000017915ecf770, 0x0000017915ecfe00,
0x0000017915ed0490, 0x0000017916301e50, 0x00000179162ff6f0, 0x00000179163045b0,
0x00000179163124e0, 0x000001791945c500, 0x000001791819a5e0, 0x000001791a1ded20,
0x000001791a1ac2b0, 0x000001791945b7e0, 0x000001791819c020, 0x0000017916300aa0,
0x00000179163117c0, 0x000001791c314980, 0x000001791a1e5cb0, 0x000001791c320e60,
0x000001791a1e0df0, 0x000001791aee7ce0, 0x000001791b1fb890, 0x000001791c5957b0,
0x000001791a2f2720, 0x00000179162ff060, 0x000001792135ae70, 0x0000017921cad050,
0x0000017918426da0, 0x0000017918d8e760, 0x000001791aee9db0, 0x000001791a5beef0,
0x00000179195404e0, 0x0000017918424070, 0x000001791a5bf580, 0x000001792169c9c0,
0x0000017921917310, 0x00000179219165f0, 0x0000017921918d50, 0x000001792b625ae0,
0x000001792b628240, 0x000001792b626170, 0x000001792b627bb0, 0x000001792b626800,
0x0000017918d8fb10, 0x0000017918d8da40, 0x0000017918d8e0d0, 0x000001792169d050,
0x000001791c312220, 0x000001791c315010, 0x000001791c311b90, 0x000001791c313c60,
0x000001791c317770, 0x000001791c318b20, 0x000001791c317e00, 0x000001791c318490,
0x000001791c3156a0, 0x000001791c3191b0, 0x0000017918d8edf0, 0x0000017918d8f480,
0x0000017918d901a0, 0x000001792c06fed0, 0x000001792c070560, 0x000001792c072630,
0x000001792c071280, 0x000001791c315d30, 0x000001791c31ccc0, 0x000001791c31abf0,
0x000001791c31c630, 0x000001791c319840, 0x000001791c31d350, 0x000001791aee9720,
0x000001791aeea440, 0x000001791aeeaad0, 0x000001792169d6e0, 0x000001791c319ed0
}

Java Threads: ( => current thread )
  0x00000178b2f5afd0 JavaThread "main"                              [_thread_blocked, id=29120, stack(0x000000669a600000,0x000000669a700000) (1024K)]
  0x00000178cf19b0b0 JavaThread "Reference Handler"          daemon [_thread_blocked, id=29336, stack(0x000000669ae00000,0x000000669af00000) (1024K)]
  0x00000178cf19e790 JavaThread "Finalizer"                  daemon [_thread_blocked, id=32800, stack(0x000000669af00000,0x000000669b000000) (1024K)]
  0x00000178cf1a28a0 JavaThread "Signal Dispatcher"          daemon [_thread_blocked, id=2128, stack(0x000000669b000000,0x000000669b100000) (1024K)]
  0x00000178cf1a3300 JavaThread "Attach Listener"            daemon [_thread_blocked, id=31628, stack(0x000000669b100000,0x000000669b200000) (1024K)]
  0x00000178cf1a3d60 JavaThread "Service Thread"             daemon [_thread_blocked, id=7732, stack(0x000000669b200000,0x000000669b300000) (1024K)]
  0x00000178cf1a5330 JavaThread "Monitor Deflation Thread"   daemon [_thread_blocked, id=33396, stack(0x000000669b300000,0x000000669b400000) (1024K)]
  0x00000178cf1a6530 JavaThread "C2 CompilerThread0"         daemon [_thread_blocked, id=19584, stack(0x000000669b400000,0x000000669b500000) (1024K)]
  0x00000178cf1b6350 JavaThread "C1 CompilerThread0"         daemon [_thread_blocked, id=29692, stack(0x000000669b500000,0x000000669b600000) (1024K)]
  0x00000178cf405a50 JavaThread "Common-Cleaner"             daemon [_thread_blocked, id=1472, stack(0x000000669b600000,0x000000669b700000) (1024K)]
  0x00000178cf467070 JavaThread "Notification Thread"        daemon [_thread_blocked, id=30412, stack(0x000000669b700000,0x000000669b800000) (1024K)]
  0x0000017915ea8770 JavaThread "Daemon health stats"               [_thread_blocked, id=9260, stack(0x000000669bc00000,0x000000669bd00000) (1024K)]
  0x00000178cf5ee500 JavaThread "Incoming local TCP Connector on port 61163"        [_thread_in_native, id=30584, stack(0x000000669bd00000,0x000000669be00000) (1024K)]
  0x0000017915b15e70 JavaThread "Daemon periodic checks"            [_thread_blocked, id=29752, stack(0x000000669be00000,0x000000669bf00000) (1024K)]
  0x0000017915ecf770 JavaThread "Cache worker for journal cache (C:\Users\habib\.gradle\caches\journal-1)"        [_thread_blocked, id=25124, stack(0x000000669c900000,0x000000669ca00000) (1024K)]
  0x0000017915ecfe00 JavaThread "File lock request listener"        [_thread_in_native, id=28692, stack(0x000000669ca00000,0x000000669cb00000) (1024K)]
  0x0000017915ed0490 JavaThread "Cache worker for file hash cache (C:\Users\habib\.gradle\caches\8.14.3\fileHashes)"        [_thread_blocked, id=27876, stack(0x000000669cc00000,0x000000669cd00000) (1024K)]
  0x0000017916301e50 JavaThread "File watcher server"        daemon [_thread_in_native, id=33192, stack(0x000000669ce00000,0x000000669cf00000) (1024K)]
  0x00000179162ff6f0 JavaThread "File watcher consumer"      daemon [_thread_blocked, id=17752, stack(0x000000669d100000,0x000000669d200000) (1024K)]
  0x00000179163045b0 JavaThread "Cache worker for file content cache (C:\Users\habib\.gradle\caches\8.14.3\fileContent)"        [_thread_blocked, id=6524, stack(0x000000669d300000,0x000000669d400000) (1024K)]
  0x00000179163124e0 JavaThread "Memory manager"                    [_thread_blocked, id=31508, stack(0x000000669fa00000,0x000000669fb00000) (1024K)]
  0x000001791945c500 JavaThread "pool-3-thread-1"                   [_thread_blocked, id=18512, stack(0x00000066a0500000,0x00000066a0600000) (1024K)]
  0x000001791819a5e0 JavaThread "pool-6-thread-1"                   [_thread_blocked, id=2020, stack(0x000000669fb00000,0x000000669fc00000) (1024K)]
  0x000001791a1ded20 JavaThread "pool-9-thread-1"                   [_thread_blocked, id=21704, stack(0x000000669fc00000,0x000000669fd00000) (1024K)]
  0x000001791a1ac2b0 JavaThread "pool-12-thread-1"                  [_thread_blocked, id=8824, stack(0x000000669d800000,0x000000669d900000) (1024K)]
  0x000001791945b7e0 JavaThread "pool-15-thread-1"                  [_thread_blocked, id=3188, stack(0x000000669fd00000,0x000000669fe00000) (1024K)]
  0x000001791819c020 JavaThread "pool-18-thread-1"                  [_thread_blocked, id=12052, stack(0x000000669fe00000,0x000000669ff00000) (1024K)]
  0x0000017916300aa0 JavaThread "pool-21-thread-1"                  [_thread_blocked, id=6328, stack(0x000000669ff00000,0x00000066a0000000) (1024K)]
  0x00000179163117c0 JavaThread "pool-24-thread-1"                  [_thread_blocked, id=33284, stack(0x00000066a0000000,0x00000066a0100000) (1024K)]
  0x000001791c314980 JavaThread "pool-27-thread-1"                  [_thread_blocked, id=32868, stack(0x00000066a0100000,0x00000066a0200000) (1024K)]
  0x000001791a1e5cb0 JavaThread "pool-30-thread-1"                  [_thread_blocked, id=6996, stack(0x00000066a0200000,0x00000066a0300000) (1024K)]
  0x000001791c320e60 JavaThread "pool-33-thread-1"                  [_thread_blocked, id=28480, stack(0x00000066a0300000,0x00000066a0400000) (1024K)]
  0x000001791a1e0df0 JavaThread "pool-36-thread-1"                  [_thread_blocked, id=6340, stack(0x00000066a0600000,0x00000066a0700000) (1024K)]
  0x000001791aee7ce0 JavaThread "pool-39-thread-1"                  [_thread_blocked, id=33096, stack(0x00000066a0800000,0x00000066a0900000) (1024K)]
  0x000001791b1fb890 JavaThread "pool-42-thread-1"                  [_thread_blocked, id=15144, stack(0x00000066a0a00000,0x00000066a0b00000) (1024K)]
  0x000001791c5957b0 JavaThread "pool-45-thread-1"                  [_thread_blocked, id=29896, stack(0x00000066a0900000,0x00000066a0a00000) (1024K)]
  0x000001791a2f2720 JavaThread "pool-48-thread-1"                  [_thread_blocked, id=23632, stack(0x00000066a0400000,0x00000066a0500000) (1024K)]
  0x00000179162ff060 JavaThread "pool-51-thread-1"                  [_thread_blocked, id=32448, stack(0x00000066a0c00000,0x00000066a0d00000) (1024K)]
  0x000001792135ae70 JavaThread "pool-54-thread-1"                  [_thread_blocked, id=11164, stack(0x00000066a0d00000,0x00000066a0e00000) (1024K)]
  0x0000017921cad050 JavaThread "pool-57-thread-1"                  [_thread_blocked, id=2912, stack(0x00000066a0e00000,0x00000066a0f00000) (1024K)]
  0x0000017918426da0 JavaThread "pool-60-thread-1"                  [_thread_blocked, id=33208, stack(0x000000669f900000,0x000000669fa00000) (1024K)]
  0x0000017918d8e760 JavaThread "pool-63-thread-1"                  [_thread_blocked, id=31908, stack(0x00000066a0b00000,0x00000066a0c00000) (1024K)]
  0x000001791aee9db0 JavaThread "pool-66-thread-1"                  [_thread_blocked, id=25996, stack(0x00000066a1000000,0x00000066a1100000) (1024K)]
  0x000001791a5beef0 JavaThread "pool-69-thread-1"                  [_thread_blocked, id=30744, stack(0x00000066a1100000,0x00000066a1200000) (1024K)]
  0x00000179195404e0 JavaThread "pool-72-thread-1"                  [_thread_blocked, id=14016, stack(0x00000066a1300000,0x00000066a1400000) (1024K)]
  0x0000017918424070 JavaThread "Daemon Thread 5"                   [_thread_blocked, id=8136, stack(0x000000669a400000,0x000000669a500000) (1024K)]
  0x000001791a5bf580 JavaThread "Daemon worker Thread 5"            [_thread_blocked, id=15464, stack(0x000000669c000000,0x000000669c100000) (1024K)]
  0x000001792169c9c0 JavaThread "pool-75-thread-1"                  [_thread_blocked, id=4392, stack(0x00000066a0f00000,0x00000066a1000000) (1024K)]
  0x0000017921917310 JavaThread "VFS cleanup Thread 5"              [_thread_blocked, id=23984, stack(0x000000669c400000,0x000000669c500000) (1024K)]
  0x00000179219165f0 JavaThread "Handler for socket connection from /127.0.0.1:61163 to /127.0.0.1:63914"        [_thread_in_native, id=15852, stack(0x000000669a500000,0x000000669a600000) (1024K)]
  0x0000017921918d50 JavaThread "Cancel handler"                    [_thread_blocked, id=5976, stack(0x000000669bf00000,0x000000669c000000) (1024K)]
  0x000001792b625ae0 JavaThread "Asynchronous log dispatcher for DefaultDaemonConnection: socket connection from /127.0.0.1:61163 to /127.0.0.1:63914"        [_thread_blocked, id=2424, stack(0x000000669c500000,0x000000669c600000) (1024K)]
  0x000001792b628240 JavaThread "Stdin handler"                     [_thread_blocked, id=23624, stack(0x000000669c600000,0x000000669c700000) (1024K)]
  0x000001792b626170 JavaThread "Daemon client event forwarder"        [_thread_blocked, id=33168, stack(0x000000669c700000,0x000000669c800000) (1024K)]
  0x000001792b627bb0 JavaThread "Cache worker for file hash cache (C:\Users\habib\AndroidStudioProjects\Hop\.gradle\8.14.3\fileHashes)"        [_thread_blocked, id=33624, stack(0x000000669c800000,0x000000669c900000) (1024K)]
  0x000001792b626800 JavaThread "Cache worker for Build Output Cleanup Cache (C:\Users\habib\AndroidStudioProjects\Hop\.gradle\buildOutputCleanup)"        [_thread_blocked, id=31976, stack(0x000000669cb00000,0x000000669cc00000) (1024K)]
  0x0000017918d8fb10 JavaThread "Cache worker for checksums cache (C:\Users\habib\AndroidStudioProjects\Hop\.gradle\8.14.3\checksums)"        [_thread_blocked, id=22408, stack(0x000000669cf00000,0x000000669d000000) (1024K)]
  0x0000017918d8da40 JavaThread "Cache worker for cache directory md-supplier (C:\Users\habib\.gradle\caches\8.14.3\md-supplier)"        [_thread_blocked, id=32804, stack(0x000000669d000000,0x000000669d100000) (1024K)]
  0x0000017918d8e0d0 JavaThread "Cache worker for cache directory md-rule (C:\Users\habib\.gradle\caches\8.14.3\md-rule)"        [_thread_blocked, id=15172, stack(0x000000669d200000,0x000000669d300000) (1024K)]
  0x000001792169d050 JavaThread "Unconstrained build operations"        [_thread_blocked, id=33236, stack(0x000000669d400000,0x000000669d500000) (1024K)]
  0x000001791c312220 JavaThread "Unconstrained build operations Thread 2"        [_thread_blocked, id=28624, stack(0x000000669d500000,0x000000669d600000) (1024K)]
  0x000001791c315010 JavaThread "Unconstrained build operations Thread 3"        [_thread_blocked, id=6360, stack(0x000000669d600000,0x000000669d700000) (1024K)]
  0x000001791c311b90 JavaThread "Unconstrained build operations Thread 4"        [_thread_blocked, id=20552, stack(0x000000669d700000,0x000000669d800000) (1024K)]
  0x000001791c313c60 JavaThread "Unconstrained build operations Thread 5"        [_thread_blocked, id=5804, stack(0x000000669d900000,0x000000669da00000) (1024K)]
  0x000001791c317770 JavaThread "Unconstrained build operations Thread 6"        [_thread_blocked, id=32484, stack(0x000000669da00000,0x000000669db00000) (1024K)]
  0x000001791c318b20 JavaThread "Unconstrained build operations Thread 7"        [_thread_blocked, id=21940, stack(0x000000669db00000,0x000000669dc00000) (1024K)]
  0x000001791c317e00 JavaThread "Unconstrained build operations Thread 8"        [_thread_blocked, id=4408, stack(0x000000669dc00000,0x000000669dd00000) (1024K)]
  0x000001791c318490 JavaThread "Unconstrained build operations Thread 9"        [_thread_blocked, id=27744, stack(0x000000669dd00000,0x000000669de00000) (1024K)]
  0x000001791c3156a0 JavaThread "Unconstrained build operations Thread 10"        [_thread_blocked, id=29604, stack(0x000000669de00000,0x000000669df00000) (1024K)]
  0x000001791c3191b0 JavaThread "Unconstrained build operations Thread 11"        [_thread_blocked, id=26956, stack(0x000000669df00000,0x000000669e000000) (1024K)]
  0x0000017918d8edf0 JavaThread "Unconstrained build operations Thread 12"        [_thread_blocked, id=31912, stack(0x000000669e000000,0x000000669e100000) (1024K)]
  0x0000017918d8f480 JavaThread "Unconstrained build operations Thread 13"        [_thread_blocked, id=17592, stack(0x000000669e100000,0x000000669e200000) (1024K)]
  0x0000017918d901a0 JavaThread "Unconstrained build operations Thread 14"        [_thread_blocked, id=3172, stack(0x000000669e200000,0x000000669e300000) (1024K)]
  0x000001792c06fed0 JavaThread "Unconstrained build operations Thread 15"        [_thread_blocked, id=27864, stack(0x000000669e300000,0x000000669e400000) (1024K)]
  0x000001792c070560 JavaThread "Unconstrained build operations Thread 16"        [_thread_blocked, id=14748, stack(0x000000669e400000,0x000000669e500000) (1024K)]
  0x000001792c072630 JavaThread "Unconstrained build operations Thread 17"        [_thread_blocked, id=7088, stack(0x000000669e500000,0x000000669e600000) (1024K)]
  0x000001792c071280 JavaThread "Unconstrained build operations Thread 18"        [_thread_blocked, id=33456, stack(0x000000669e600000,0x000000669e700000) (1024K)]
  0x000001791c315d30 JavaThread "Unconstrained build operations Thread 19"        [_thread_blocked, id=6000, stack(0x000000669e700000,0x000000669e800000) (1024K)]
  0x000001791c31ccc0 JavaThread "Unconstrained build operations Thread 20"        [_thread_blocked, id=29136, stack(0x000000669e800000,0x000000669e900000) (1024K)]
  0x000001791c31abf0 JavaThread "Unconstrained build operations Thread 21"        [_thread_blocked, id=23796, stack(0x000000669e900000,0x000000669ea00000) (1024K)]
  0x000001791c31c630 JavaThread "Unconstrained build operations Thread 22"        [_thread_blocked, id=33032, stack(0x000000669ea00000,0x000000669eb00000) (1024K)]
  0x000001791c319840 JavaThread "Unconstrained build operations Thread 23"        [_thread_blocked, id=11792, stack(0x000000669eb00000,0x000000669ec00000) (1024K)]
  0x000001791c31d350 JavaThread "Unconstrained build operations Thread 24"        [_thread_blocked, id=30840, stack(0x000000669ec00000,0x000000669ed00000) (1024K)]
  0x000001791aee9720 JavaThread "Unconstrained build operations Thread 25"        [_thread_blocked, id=24452, stack(0x000000669ed00000,0x000000669ee00000) (1024K)]
  0x000001791aeea440 JavaThread "Unconstrained build operations Thread 26"        [_thread_blocked, id=29488, stack(0x000000669ee00000,0x000000669ef00000) (1024K)]
  0x000001791aeeaad0 JavaThread "build event listener"              [_thread_blocked, id=25908, stack(0x000000669ef00000,0x000000669f000000) (1024K)]
  0x000001792169d6e0 JavaThread "build event listener"              [_thread_blocked, id=11372, stack(0x000000669f000000,0x000000669f100000) (1024K)]
  0x000001791c319ed0 JavaThread "build event listener"              [_thread_blocked, id=12404, stack(0x000000669f100000,0x000000669f200000) (1024K)]
Total: 88

Other Threads:
=>0x00000178cf17e920 VMThread "VM Thread"                           [id=27380, stack(0x000000669ad00000,0x000000669ae00000) (1024K)]
  0x00000178cf16ec30 WatcherThread "VM Periodic Task Thread"        [id=22284, stack(0x000000669ac00000,0x000000669ad00000) (1024K)]
  0x00000178b52cbd90 WorkerThread "GC Thread#0"                     [id=32212, stack(0x000000669a700000,0x000000669a800000) (1024K)]
  0x00000178cf4b03f0 WorkerThread "GC Thread#1"                     [id=30032, stack(0x000000669b800000,0x000000669b900000) (1024K)]
  0x00000178cf4b07a0 WorkerThread "GC Thread#2"                     [id=2256, stack(0x000000669b900000,0x000000669ba00000) (1024K)]
  0x0000017915234be0 WorkerThread "GC Thread#3"                     [id=24972, stack(0x000000669ba00000,0x000000669bb00000) (1024K)]
  0x000001791525fc10 WorkerThread "GC Thread#4"                     [id=27808, stack(0x000000669bb00000,0x000000669bc00000) (1024K)]
  0x0000017915a58940 WorkerThread "GC Thread#5"                     [id=23692, stack(0x000000669c100000,0x000000669c200000) (1024K)]
  0x0000017915a143d0 WorkerThread "GC Thread#6"                     [id=3872, stack(0x000000669c200000,0x000000669c300000) (1024K)]
  0x0000017915a14780 WorkerThread "GC Thread#7"                     [id=27656, stack(0x000000669c300000,0x000000669c400000) (1024K)]
  0x00000178b52dcc90 ConcurrentGCThread "G1 Main Marker"            [id=19984, stack(0x000000669a800000,0x000000669a900000) (1024K)]
  0x00000178b52ddec0 WorkerThread "G1 Conc#0"                       [id=29532, stack(0x000000669a900000,0x000000669aa00000) (1024K)]
  0x0000017916a875e0 WorkerThread "G1 Conc#1"                       [id=15396, stack(0x000000669cd00000,0x000000669ce00000) (1024K)]
  0x00000178cf03a510 ConcurrentGCThread "G1 Refine#0"               [id=30668, stack(0x000000669aa00000,0x000000669ab00000) (1024K)]
  0x00000178cf03ad40 ConcurrentGCThread "G1 Service"                [id=6036, stack(0x000000669ab00000,0x000000669ac00000) (1024K)]
Total: 15

Threads with active compile tasks:
C1 CompilerThread0  9588858 45281       3       org.jetbrains.kotlin.gradle.dsl.KotlinProjectExtension::awaitSourceSets$kotlin_gradle_plugin_common (131 bytes)
Total: 1

VM state: at safepoint (normal execution)

VM Mutex/Monitor currently owned by a thread:  ([mutex/lock_event])
[0x00007fff1606e560] Threads_lock - owner thread: 0x00000178cf17e920
[0x00007fff1606e660] Heap_lock - owner thread: 0x00000178cf1b6350

Heap address: 0x0000000700000000, size: 4096 MB, Compressed Oops mode: Zero based, Oop shift amount: 3

CDS archive(s) mapped at: [0x00000178d0000000-0x00000178d0ba0000-0x00000178d0ba0000), size 12189696, SharedBaseAddress: 0x00000178d0000000, ArchiveRelocationMode: 1.
Compressed class space mapped at: 0x00000178d1000000-0x0000017911000000, reserved size: 1073741824
Narrow klass base: 0x00000178d0000000, Narrow klass shift: 0, Narrow klass range: 0x100000000

GC Precious Log:
 CardTable entry size: 512
 Card Set container configuration: InlinePtr #cards 4 size 8 Array Of Cards #cards 16 size 48 Howl #buckets 8 coarsen threshold 3686 Howl Bitmap #cards 512 size 80 coarsen threshold 460 Card regions per heap region 1 cards per card region 4096
 CPUs: 8 total, 8 available
 Memory: 8066M
 Large Page Support: Disabled
 NUMA Support: Disabled
 Compressed Oops: Enabled (Zero based)
 Heap Region Size: 2M
 Heap Min Capacity: 8M
 Heap Initial Capacity: 128M
 Heap Max Capacity: 4G
 Pre-touch: Disabled
 Parallel Workers: 8
 Concurrent Workers: 2
 Concurrent Refinement Workers: 8
 Periodic GC: Disabled

Heap:
 garbage-first heap   total 964608K, used 243487K [0x0000000700000000, 0x0000000800000000)
  region size 2048K, 4 young (8192K), 4 survivors (8192K)
 Metaspace       used 257170K, committed 259776K, reserved 1310720K
  class space    used 32507K, committed 33792K, reserved 1048576K

Heap Regions: E=young(eden), S=young(survivor), O=old, HS=humongous(starts), HC=humongous(continues), CS=collection set, F=free, TAMS=top-at-mark-start, PB=parsable bottom
|   0|0x0000000700000000, 0x0000000700200000, 0x0000000700200000|100%|HS|  |TAMS 0x0000000700200000| PB 0x0000000700000000| Complete 
|   1|0x0000000700200000, 0x0000000700400000, 0x0000000700400000|100%|HC|  |TAMS 0x0000000700400000| PB 0x0000000700200000| Complete 
|   2|0x0000000700400000, 0x0000000700600000, 0x0000000700600000|100%| O|  |TAMS 0x0000000700600000| PB 0x0000000700400000| Untracked 
|   3|0x0000000700600000, 0x0000000700800000, 0x0000000700800000|100%| O|  |TAMS 0x0000000700800000| PB 0x0000000700600000| Untracked 
|   4|0x0000000700800000, 0x0000000700a00000, 0x0000000700a00000|100%| O|  |TAMS 0x0000000700a00000| PB 0x0000000700800000| Untracked 
|   5|0x0000000700a00000, 0x0000000700c00000, 0x0000000700c00000|100%| O|  |TAMS 0x0000000700c00000| PB 0x0000000700a00000| Untracked 
|   6|0x0000000700c00000, 0x0000000700e00000, 0x0000000700e00000|100%| O|  |TAMS 0x0000000700e00000| PB 0x0000000700c00000| Untracked 
|   7|0x0000000700e00000, 0x0000000701000000, 0x0000000701000000|100%| O|  |TAMS 0x0000000701000000| PB 0x0000000700e00000| Untracked 
|   8|0x0000000701000000, 0x0000000701200000, 0x0000000701200000|100%| O|  |TAMS 0x0000000701200000| PB 0x0000000701000000| Untracked 
|   9|0x0000000701200000, 0x0000000701400000, 0x0000000701400000|100%| O|  |TAMS 0x0000000701400000| PB 0x0000000701200000| Untracked 
|  10|0x0000000701400000, 0x0000000701600000, 0x0000000701600000|100%| O|  |TAMS 0x0000000701600000| PB 0x0000000701400000| Untracked 
|  11|0x0000000701600000, 0x0000000701800000, 0x0000000701800000|100%| O|  |TAMS 0x0000000701800000| PB 0x0000000701600000| Untracked 
|  12|0x0000000701800000, 0x0000000701a00000, 0x0000000701a00000|100%| O|  |TAMS 0x0000000701a00000| PB 0x0000000701800000| Untracked 
|  13|0x0000000701a00000, 0x0000000701c00000, 0x0000000701c00000|100%| O|  |TAMS 0x0000000701c00000| PB 0x0000000701a00000| Untracked 
|  14|0x0000000701c00000, 0x0000000701e00000, 0x0000000701e00000|100%| O|  |TAMS 0x0000000701e00000| PB 0x0000000701c00000| Untracked 
|  15|0x0000000701e00000, 0x0000000702000000, 0x0000000702000000|100%| O|  |TAMS 0x0000000702000000| PB 0x0000000701e00000| Untracked 
|  16|0x0000000702000000, 0x0000000702200000, 0x0000000702200000|100%| O|  |TAMS 0x0000000702200000| PB 0x0000000702000000| Untracked 
|  17|0x0000000702200000, 0x0000000702400000, 0x0000000702400000|100%| O|  |TAMS 0x0000000702400000| PB 0x0000000702200000| Untracked 
|  18|0x0000000702400000, 0x0000000702600000, 0x0000000702600000|100%| O|  |TAMS 0x0000000702600000| PB 0x0000000702400000| Untracked 
|  19|0x0000000702600000, 0x0000000702800000, 0x0000000702800000|100%| O|  |TAMS 0x0000000702800000| PB 0x0000000702600000| Untracked 
|  20|0x0000000702800000, 0x0000000702a00000, 0x0000000702a00000|100%| O|  |TAMS 0x0000000702a00000| PB 0x0000000702800000| Untracked 
|  21|0x0000000702a00000, 0x0000000702c00000, 0x0000000702c00000|100%|HS|  |TAMS 0x0000000702c00000| PB 0x0000000702a00000| Complete 
|  22|0x0000000702c00000, 0x0000000702e00000, 0x0000000702e00000|100%| O|  |TAMS 0x0000000702e00000| PB 0x0000000702c00000| Untracked 
|  23|0x0000000702e00000, 0x0000000703000000, 0x0000000703000000|100%| O|  |TAMS 0x0000000703000000| PB 0x0000000702e00000| Untracked 
|  24|0x0000000703000000, 0x0000000703200000, 0x0000000703200000|100%| O|  |TAMS 0x0000000703200000| PB 0x0000000703000000| Untracked 
|  25|0x0000000703200000, 0x0000000703400000, 0x0000000703400000|100%| O|  |TAMS 0x0000000703400000| PB 0x0000000703200000| Untracked 
|  26|0x0000000703400000, 0x00000007034bfea0, 0x0000000703600000| 37%| O|  |TAMS 0x00000007034bfea0| PB 0x0000000703400000| Untracked 
|  27|0x0000000703600000, 0x0000000703800000, 0x0000000703800000|100%|HS|  |TAMS 0x0000000703800000| PB 0x0000000703600000| Complete 
|  28|0x0000000703800000, 0x0000000703a00000, 0x0000000703a00000|100%| O|  |TAMS 0x0000000703a00000| PB 0x0000000703800000| Untracked 
|  29|0x0000000703a00000, 0x0000000703c00000, 0x0000000703c00000|100%| O|  |TAMS 0x0000000703c00000| PB 0x0000000703a00000| Untracked 
|  30|0x0000000703c00000, 0x0000000703e00000, 0x0000000703e00000|100%| O|  |TAMS 0x0000000703e00000| PB 0x0000000703c00000| Untracked 
|  31|0x0000000703e00000, 0x0000000704000000, 0x0000000704000000|100%| O|  |TAMS 0x0000000704000000| PB 0x0000000703e00000| Untracked 
|  32|0x0000000704000000, 0x0000000704200000, 0x0000000704200000|100%| O|  |TAMS 0x0000000704200000| PB 0x0000000704000000| Untracked 
|  33|0x0000000704200000, 0x0000000704400000, 0x0000000704400000|100%| O|  |TAMS 0x0000000704400000| PB 0x0000000704200000| Untracked 
|  34|0x0000000704400000, 0x0000000704600000, 0x0000000704600000|100%| O|  |TAMS 0x0000000704600000| PB 0x0000000704400000| Untracked 
|  35|0x0000000704600000, 0x0000000704800000, 0x0000000704800000|100%| O|  |TAMS 0x0000000704800000| PB 0x0000000704600000| Untracked 
|  36|0x0000000704800000, 0x0000000704a00000, 0x0000000704a00000|100%| O|  |TAMS 0x0000000704a00000| PB 0x0000000704800000| Untracked 
|  37|0x0000000704a00000, 0x0000000704c00000, 0x0000000704c00000|100%| O|  |TAMS 0x0000000704c00000| PB 0x0000000704a00000| Untracked 
|  38|0x0000000704c00000, 0x0000000704e00000, 0x0000000704e00000|100%| O|  |TAMS 0x0000000704e00000| PB 0x0000000704c00000| Untracked 
|  39|0x0000000704e00000, 0x0000000705000000, 0x0000000705000000|100%| O|  |TAMS 0x0000000705000000| PB 0x0000000704e00000| Untracked 
|  40|0x0000000705000000, 0x0000000705200000, 0x0000000705200000|100%| O|  |TAMS 0x0000000705200000| PB 0x0000000705000000| Untracked 
|  41|0x0000000705200000, 0x0000000705400000, 0x0000000705400000|100%| O|  |TAMS 0x0000000705400000| PB 0x0000000705200000| Untracked 
|  42|0x0000000705400000, 0x0000000705600000, 0x0000000705600000|100%| O|  |TAMS 0x0000000705600000| PB 0x0000000705400000| Untracked 
|  43|0x0000000705600000, 0x0000000705800000, 0x0000000705800000|100%| O|  |TAMS 0x0000000705800000| PB 0x0000000705600000| Untracked 
|  44|0x0000000705800000, 0x0000000705800000, 0x0000000705a00000|  0%| F|  |TAMS 0x0000000705800000| PB 0x0000000705800000| Untracked 
|  45|0x0000000705a00000, 0x0000000705c00000, 0x0000000705c00000|100%| O|  |TAMS 0x0000000705c00000| PB 0x0000000705a00000| Untracked 
|  46|0x0000000705c00000, 0x0000000705e00000, 0x0000000705e00000|100%| O|  |TAMS 0x0000000705e00000| PB 0x0000000705c00000| Untracked 
|  47|0x0000000705e00000, 0x0000000706000000, 0x0000000706000000|100%| O|  |TAMS 0x0000000706000000| PB 0x0000000705e00000| Untracked 
|  48|0x0000000706000000, 0x0000000706200000, 0x0000000706200000|100%| O|  |TAMS 0x0000000706200000| PB 0x0000000706000000| Untracked 
|  49|0x0000000706200000, 0x0000000706400000, 0x0000000706400000|100%| O|  |TAMS 0x0000000706400000| PB 0x0000000706200000| Untracked 
|  50|0x0000000706400000, 0x0000000706600000, 0x0000000706600000|100%| O|  |TAMS 0x0000000706600000| PB 0x0000000706400000| Untracked 
|  51|0x0000000706600000, 0x0000000706800000, 0x0000000706800000|100%| O|  |TAMS 0x0000000706800000| PB 0x0000000706600000| Untracked 
|  52|0x0000000706800000, 0x0000000706a00000, 0x0000000706a00000|100%| O|  |TAMS 0x0000000706a00000| PB 0x0000000706800000| Untracked 
|  53|0x0000000706a00000, 0x0000000706c00000, 0x0000000706c00000|100%| O|  |TAMS 0x0000000706c00000| PB 0x0000000706a00000| Untracked 
|  54|0x0000000706c00000, 0x0000000706e00000, 0x0000000706e00000|100%| O|  |TAMS 0x0000000706e00000| PB 0x0000000706c00000| Untracked 
|  55|0x0000000706e00000, 0x0000000707000000, 0x0000000707000000|100%| O|  |TAMS 0x0000000707000000| PB 0x0000000706e00000| Untracked 
|  56|0x0000000707000000, 0x0000000707200000, 0x0000000707200000|100%| O|  |TAMS 0x0000000707200000| PB 0x0000000707000000| Untracked 
|  57|0x0000000707200000, 0x0000000707400000, 0x0000000707400000|100%| O|  |TAMS 0x0000000707400000| PB 0x0000000707200000| Untracked 
|  58|0x0000000707400000, 0x0000000707400000, 0x0000000707600000|  0%| F|  |TAMS 0x0000000707400000| PB 0x0000000707400000| Untracked 
|  59|0x0000000707600000, 0x0000000707800000, 0x0000000707800000|100%| O|  |TAMS 0x0000000707800000| PB 0x0000000707600000| Untracked 
|  60|0x0000000707800000, 0x0000000707a00000, 0x0000000707a00000|100%| O|  |TAMS 0x0000000707a00000| PB 0x0000000707800000| Untracked 
|  61|0x0000000707a00000, 0x0000000707c00000, 0x0000000707c00000|100%| O|  |TAMS 0x0000000707c00000| PB 0x0000000707a00000| Untracked 
|  62|0x0000000707c00000, 0x0000000707e00000, 0x0000000707e00000|100%| O|  |TAMS 0x0000000707e00000| PB 0x0000000707c00000| Untracked 
|  63|0x0000000707e00000, 0x0000000708000000, 0x0000000708000000|100%| O|  |TAMS 0x0000000708000000| PB 0x0000000707e00000| Untracked 
|  64|0x0000000708000000, 0x0000000708200000, 0x0000000708200000|100%| O|  |TAMS 0x0000000708200000| PB 0x0000000708000000| Untracked 
|  65|0x0000000708200000, 0x0000000708400000, 0x0000000708400000|100%| O|  |TAMS 0x0000000708400000| PB 0x0000000708200000| Untracked 
|  66|0x0000000708400000, 0x0000000708600000, 0x0000000708600000|100%| O|  |TAMS 0x0000000708600000| PB 0x0000000708400000| Untracked 
|  67|0x0000000708600000, 0x0000000708800000, 0x0000000708800000|100%| O|  |TAMS 0x0000000708800000| PB 0x0000000708600000| Untracked 
|  68|0x0000000708800000, 0x0000000708a00000, 0x0000000708a00000|100%| O|  |TAMS 0x0000000708a00000| PB 0x0000000708800000| Untracked 
|  69|0x0000000708a00000, 0x0000000708c00000, 0x0000000708c00000|100%| O|  |TAMS 0x0000000708c00000| PB 0x0000000708a00000| Untracked 
|  70|0x0000000708c00000, 0x0000000708e00000, 0x0000000708e00000|100%| O|  |TAMS 0x0000000708e00000| PB 0x0000000708c00000| Untracked 
|  71|0x0000000708e00000, 0x0000000709000000, 0x0000000709000000|100%| O|  |TAMS 0x0000000709000000| PB 0x0000000708e00000| Untracked 
|  72|0x0000000709000000, 0x0000000709200000, 0x0000000709200000|100%| O|  |TAMS 0x0000000709200000| PB 0x0000000709000000| Untracked 
|  73|0x0000000709200000, 0x0000000709400000, 0x0000000709400000|100%| O|  |TAMS 0x0000000709400000| PB 0x0000000709200000| Untracked 
|  74|0x0000000709400000, 0x0000000709600000, 0x0000000709600000|100%| O|  |TAMS 0x0000000709600000| PB 0x0000000709400000| Untracked 
|  75|0x0000000709600000, 0x0000000709800000, 0x0000000709800000|100%| O|  |TAMS 0x0000000709800000| PB 0x0000000709600000| Untracked 
|  76|0x0000000709800000, 0x0000000709a00000, 0x0000000709a00000|100%| O|  |TAMS 0x0000000709a00000| PB 0x0000000709800000| Untracked 
|  77|0x0000000709a00000, 0x0000000709c00000, 0x0000000709c00000|100%| O|  |TAMS 0x0000000709c00000| PB 0x0000000709a00000| Untracked 
|  78|0x0000000709c00000, 0x0000000709e00000, 0x0000000709e00000|100%| O|  |TAMS 0x0000000709e00000| PB 0x0000000709c00000| Untracked 
|  79|0x0000000709e00000, 0x000000070a000000, 0x000000070a000000|100%| O|  |TAMS 0x000000070a000000| PB 0x0000000709e00000| Untracked 
|  80|0x000000070a000000, 0x000000070a200000, 0x000000070a200000|100%| O|  |TAMS 0x000000070a200000| PB 0x000000070a000000| Untracked 
|  81|0x000000070a200000, 0x000000070a400000, 0x000000070a400000|100%| O|  |TAMS 0x000000070a400000| PB 0x000000070a200000| Untracked 
|  82|0x000000070a400000, 0x000000070a600000, 0x000000070a600000|100%| O|  |TAMS 0x000000070a600000| PB 0x000000070a400000| Untracked 
|  83|0x000000070a600000, 0x000000070a800000, 0x000000070a800000|100%| O|  |TAMS 0x000000070a800000| PB 0x000000070a600000| Untracked 
|  84|0x000000070a800000, 0x000000070aa00000, 0x000000070aa00000|100%| O|  |TAMS 0x000000070aa00000| PB 0x000000070a800000| Untracked 
|  85|0x000000070aa00000, 0x000000070ac00000, 0x000000070ac00000|100%| O|  |TAMS 0x000000070ac00000| PB 0x000000070aa00000| Untracked 
|  86|0x000000070ac00000, 0x000000070ae00000, 0x000000070ae00000|100%| O|  |TAMS 0x000000070ae00000| PB 0x000000070ac00000| Untracked 
|  87|0x000000070ae00000, 0x000000070ae00000, 0x000000070b000000|  0%| F|  |TAMS 0x000000070ae00000| PB 0x000000070ae00000| Untracked 
|  88|0x000000070b000000, 0x000000070b200000, 0x000000070b200000|100%| O|  |TAMS 0x000000070b200000| PB 0x000000070b000000| Untracked 
|  89|0x000000070b200000, 0x000000070b400000, 0x000000070b400000|100%| O|  |TAMS 0x000000070b400000| PB 0x000000070b200000| Untracked 
|  90|0x000000070b400000, 0x000000070b600000, 0x000000070b600000|100%| O|  |TAMS 0x000000070b600000| PB 0x000000070b400000| Untracked 
|  91|0x000000070b600000, 0x000000070b800000, 0x000000070b800000|100%| O|  |TAMS 0x000000070b800000| PB 0x000000070b600000| Untracked 
|  92|0x000000070b800000, 0x000000070ba00000, 0x000000070ba00000|100%| O|  |TAMS 0x000000070ba00000| PB 0x000000070b800000| Untracked 
|  93|0x000000070ba00000, 0x000000070bc00000, 0x000000070bc00000|100%| O|  |TAMS 0x000000070bc00000| PB 0x000000070ba00000| Untracked 
|  94|0x000000070bc00000, 0x000000070be00000, 0x000000070be00000|100%| O|  |TAMS 0x000000070be00000| PB 0x000000070bc00000| Untracked 
|  95|0x000000070be00000, 0x000000070c000000, 0x000000070c000000|100%| O|  |TAMS 0x000000070c000000| PB 0x000000070be00000| Untracked 
|  96|0x000000070c000000, 0x000000070c200000, 0x000000070c200000|100%| O|  |TAMS 0x000000070c200000| PB 0x000000070c000000| Untracked 
|  97|0x000000070c200000, 0x000000070c400000, 0x000000070c400000|100%| O|  |TAMS 0x000000070c400000| PB 0x000000070c200000| Untracked 
|  98|0x000000070c400000, 0x000000070c600000, 0x000000070c600000|100%| O|  |TAMS 0x000000070c600000| PB 0x000000070c400000| Untracked 
|  99|0x000000070c600000, 0x000000070c800000, 0x000000070c800000|100%| O|  |TAMS 0x000000070c800000| PB 0x000000070c600000| Untracked 
| 100|0x000000070c800000, 0x000000070ca00000, 0x000000070ca00000|100%| O|  |TAMS 0x000000070ca00000| PB 0x000000070c800000| Untracked 
| 101|0x000000070ca00000, 0x000000070cc00000, 0x000000070cc00000|100%| O|  |TAMS 0x000000070cc00000| PB 0x000000070ca00000| Untracked 
| 102|0x000000070cc00000, 0x000000070ce00000, 0x000000070ce00000|100%| O|  |TAMS 0x000000070ce00000| PB 0x000000070cc00000| Untracked 
| 103|0x000000070ce00000, 0x000000070d000000, 0x000000070d000000|100%| O|  |TAMS 0x000000070d000000| PB 0x000000070ce00000| Untracked 
| 104|0x000000070d000000, 0x000000070d200000, 0x000000070d200000|100%| O|  |TAMS 0x000000070d200000| PB 0x000000070d000000| Untracked 
| 105|0x000000070d200000, 0x000000070d400000, 0x000000070d400000|100%| O|  |TAMS 0x000000070d400000| PB 0x000000070d200000| Untracked 
| 106|0x000000070d400000, 0x000000070d600000, 0x000000070d600000|100%| O|  |TAMS 0x000000070d600000| PB 0x000000070d400000| Untracked 
| 107|0x000000070d600000, 0x000000070d800000, 0x000000070d800000|100%| O|  |TAMS 0x000000070d800000| PB 0x000000070d600000| Untracked 
| 108|0x000000070d800000, 0x000000070da00000, 0x000000070da00000|100%| O|  |TAMS 0x000000070da00000| PB 0x000000070d800000| Untracked 
| 109|0x000000070da00000, 0x000000070dc00000, 0x000000070dc00000|100%| O|  |TAMS 0x000000070dc00000| PB 0x000000070da00000| Untracked 
| 110|0x000000070dc00000, 0x000000070de00000, 0x000000070de00000|100%| O|  |TAMS 0x000000070de00000| PB 0x000000070dc00000| Untracked 
| 111|0x000000070de00000, 0x000000070e000000, 0x000000070e000000|100%| O|  |TAMS 0x000000070e000000| PB 0x000000070de00000| Untracked 
| 112|0x000000070e000000, 0x000000070e200000, 0x000000070e200000|100%| O|  |TAMS 0x000000070e200000| PB 0x000000070e000000| Untracked 
| 113|0x000000070e200000, 0x000000070e400000, 0x000000070e400000|100%| O|  |TAMS 0x000000070e400000| PB 0x000000070e200000| Untracked 
| 114|0x000000070e400000, 0x000000070e600000, 0x000000070e600000|100%| O|  |TAMS 0x000000070e600000| PB 0x000000070e400000| Untracked 
| 115|0x000000070e600000, 0x000000070e800000, 0x000000070e800000|100%| O|  |TAMS 0x000000070e800000| PB 0x000000070e600000| Untracked 
| 116|0x000000070e800000, 0x000000070ea00000, 0x000000070ea00000|100%| O|  |TAMS 0x000000070ea00000| PB 0x000000070e800000| Untracked 
| 117|0x000000070ea00000, 0x000000070ec00000, 0x000000070ec00000|100%| O|  |TAMS 0x000000070ec00000| PB 0x000000070ea00000| Untracked 
| 118|0x000000070ec00000, 0x000000070ee00000, 0x000000070ee00000|100%| O|  |TAMS 0x000000070ee00000| PB 0x000000070ec00000| Untracked 
| 119|0x000000070ee00000, 0x000000070ee00000, 0x000000070f000000|  0%| F|  |TAMS 0x000000070ee00000| PB 0x000000070ee00000| Untracked 
| 120|0x000000070f000000, 0x000000070f000000, 0x000000070f200000|  0%| F|  |TAMS 0x000000070f000000| PB 0x000000070f000000| Untracked 
| 121|0x000000070f200000, 0x000000070f200000, 0x000000070f400000|  0%| F|  |TAMS 0x000000070f200000| PB 0x000000070f200000| Untracked 
| 122|0x000000070f400000, 0x000000070f400000, 0x000000070f600000|  0%| F|  |TAMS 0x000000070f400000| PB 0x000000070f400000| Untracked 
| 123|0x000000070f600000, 0x000000070f600000, 0x000000070f800000|  0%| F|  |TAMS 0x000000070f600000| PB 0x000000070f600000| Untracked 
| 124|0x000000070f800000, 0x000000070f800000, 0x000000070fa00000|  0%| F|  |TAMS 0x000000070f800000| PB 0x000000070f800000| Untracked 
| 125|0x000000070fa00000, 0x000000070fa00000, 0x000000070fc00000|  0%| F|  |TAMS 0x000000070fa00000| PB 0x000000070fa00000| Untracked 
| 126|0x000000070fc00000, 0x000000070fc00000, 0x000000070fe00000|  0%| F|  |TAMS 0x000000070fc00000| PB 0x000000070fc00000| Untracked 
| 127|0x000000070fe00000, 0x000000070fe00000, 0x0000000710000000|  0%| F|  |TAMS 0x000000070fe00000| PB 0x000000070fe00000| Untracked 
| 128|0x0000000710000000, 0x0000000710000000, 0x0000000710200000|  0%| F|  |TAMS 0x0000000710000000| PB 0x0000000710000000| Untracked 
| 129|0x0000000710200000, 0x0000000710200000, 0x0000000710400000|  0%| F|  |TAMS 0x0000000710200000| PB 0x0000000710200000| Untracked 
| 130|0x0000000710400000, 0x0000000710400000, 0x0000000710600000|  0%| F|  |TAMS 0x0000000710400000| PB 0x0000000710400000| Untracked 
| 131|0x0000000710600000, 0x0000000710600000, 0x0000000710800000|  0%| F|  |TAMS 0x0000000710600000| PB 0x0000000710600000| Untracked 
| 132|0x0000000710800000, 0x0000000710800000, 0x0000000710a00000|  0%| F|  |TAMS 0x0000000710800000| PB 0x0000000710800000| Untracked 
| 133|0x0000000710a00000, 0x0000000710a00000, 0x0000000710c00000|  0%| F|  |TAMS 0x0000000710a00000| PB 0x0000000710a00000| Untracked 
| 134|0x0000000710c00000, 0x0000000710c00000, 0x0000000710e00000|  0%| F|  |TAMS 0x0000000710c00000| PB 0x0000000710c00000| Untracked 
| 135|0x0000000710e00000, 0x0000000710e00000, 0x0000000711000000|  0%| F|  |TAMS 0x0000000710e00000| PB 0x0000000710e00000| Untracked 
| 136|0x0000000711000000, 0x0000000711000000, 0x0000000711200000|  0%| F|  |TAMS 0x0000000711000000| PB 0x0000000711000000| Untracked 
| 137|0x0000000711200000, 0x0000000711200000, 0x0000000711400000|  0%| F|  |TAMS 0x0000000711200000| PB 0x0000000711200000| Untracked 
| 138|0x0000000711400000, 0x0000000711400000, 0x0000000711600000|  0%| F|  |TAMS 0x0000000711400000| PB 0x0000000711400000| Untracked 
| 139|0x0000000711600000, 0x0000000711600000, 0x0000000711800000|  0%| F|  |TAMS 0x0000000711600000| PB 0x0000000711600000| Untracked 
| 140|0x0000000711800000, 0x0000000711800000, 0x0000000711a00000|  0%| F|  |TAMS 0x0000000711800000| PB 0x0000000711800000| Untracked 
| 141|0x0000000711a00000, 0x0000000711a00000, 0x0000000711c00000|  0%| F|  |TAMS 0x0000000711a00000| PB 0x0000000711a00000| Untracked 
| 142|0x0000000711c00000, 0x0000000711c00000, 0x0000000711e00000|  0%| F|  |TAMS 0x0000000711c00000| PB 0x0000000711c00000| Untracked 
| 143|0x0000000711e00000, 0x0000000711e00000, 0x0000000712000000|  0%| F|  |TAMS 0x0000000711e00000| PB 0x0000000711e00000| Untracked 
| 144|0x0000000712000000, 0x0000000712000000, 0x0000000712200000|  0%| F|  |TAMS 0x0000000712000000| PB 0x0000000712000000| Untracked 
| 145|0x0000000712200000, 0x0000000712200000, 0x0000000712400000|  0%| F|  |TAMS 0x0000000712200000| PB 0x0000000712200000| Untracked 
| 146|0x0000000712400000, 0x0000000712400000, 0x0000000712600000|  0%| F|  |TAMS 0x0000000712400000| PB 0x0000000712400000| Untracked 
| 147|0x0000000712600000, 0x0000000712600000, 0x0000000712800000|  0%| F|  |TAMS 0x0000000712600000| PB 0x0000000712600000| Untracked 
| 148|0x0000000712800000, 0x0000000712800000, 0x0000000712a00000|  0%| F|  |TAMS 0x0000000712800000| PB 0x0000000712800000| Untracked 
| 149|0x0000000712a00000, 0x0000000712a00000, 0x0000000712c00000|  0%| F|  |TAMS 0x0000000712a00000| PB 0x0000000712a00000| Untracked 
| 150|0x0000000712c00000, 0x0000000712c00000, 0x0000000712e00000|  0%| F|  |TAMS 0x0000000712c00000| PB 0x0000000712c00000| Untracked 
| 151|0x0000000712e00000, 0x0000000712e00000, 0x0000000713000000|  0%| F|  |TAMS 0x0000000712e00000| PB 0x0000000712e00000| Untracked 
| 152|0x0000000713000000, 0x0000000713000000, 0x0000000713200000|  0%| F|  |TAMS 0x0000000713000000| PB 0x0000000713000000| Untracked 
| 153|0x0000000713200000, 0x0000000713200000, 0x0000000713400000|  0%| F|  |TAMS 0x0000000713200000| PB 0x0000000713200000| Untracked 
| 154|0x0000000713400000, 0x0000000713400000, 0x0000000713600000|  0%| F|  |TAMS 0x0000000713400000| PB 0x0000000713400000| Untracked 
| 155|0x0000000713600000, 0x0000000713600000, 0x0000000713800000|  0%| F|  |TAMS 0x0000000713600000| PB 0x0000000713600000| Untracked 
| 156|0x0000000713800000, 0x0000000713800000, 0x0000000713a00000|  0%| F|  |TAMS 0x0000000713800000| PB 0x0000000713800000| Untracked 
| 157|0x0000000713a00000, 0x0000000713a00000, 0x0000000713c00000|  0%| F|  |TAMS 0x0000000713a00000| PB 0x0000000713a00000| Untracked 
| 158|0x0000000713c00000, 0x0000000713c00000, 0x0000000713e00000|  0%| F|  |TAMS 0x0000000713c00000| PB 0x0000000713c00000| Untracked 
| 159|0x0000000713e00000, 0x0000000713e00000, 0x0000000714000000|  0%| F|  |TAMS 0x0000000713e00000| PB 0x0000000713e00000| Untracked 
| 160|0x0000000714000000, 0x0000000714000000, 0x0000000714200000|  0%| F|  |TAMS 0x0000000714000000| PB 0x0000000714000000| Untracked 
| 161|0x0000000714200000, 0x0000000714200000, 0x0000000714400000|  0%| F|  |TAMS 0x0000000714200000| PB 0x0000000714200000| Untracked 
| 162|0x0000000714400000, 0x0000000714400000, 0x0000000714600000|  0%| F|  |TAMS 0x0000000714400000| PB 0x0000000714400000| Untracked 
| 163|0x0000000714600000, 0x0000000714600000, 0x0000000714800000|  0%| F|  |TAMS 0x0000000714600000| PB 0x0000000714600000| Untracked 
| 164|0x0000000714800000, 0x0000000714800000, 0x0000000714a00000|  0%| F|  |TAMS 0x0000000714800000| PB 0x0000000714800000| Untracked 
| 165|0x0000000714a00000, 0x0000000714a00000, 0x0000000714c00000|  0%| F|  |TAMS 0x0000000714a00000| PB 0x0000000714a00000| Untracked 
| 166|0x0000000714c00000, 0x0000000714c00000, 0x0000000714e00000|  0%| F|  |TAMS 0x0000000714c00000| PB 0x0000000714c00000| Untracked 
| 167|0x0000000714e00000, 0x0000000714e00000, 0x0000000715000000|  0%| F|  |TAMS 0x0000000714e00000| PB 0x0000000714e00000| Untracked 
| 168|0x0000000715000000, 0x0000000715000000, 0x0000000715200000|  0%| F|  |TAMS 0x0000000715000000| PB 0x0000000715000000| Untracked 
| 169|0x0000000715200000, 0x0000000715200000, 0x0000000715400000|  0%| F|  |TAMS 0x0000000715200000| PB 0x0000000715200000| Untracked 
| 170|0x0000000715400000, 0x0000000715400000, 0x0000000715600000|  0%| F|  |TAMS 0x0000000715400000| PB 0x0000000715400000| Untracked 
| 171|0x0000000715600000, 0x0000000715600000, 0x0000000715800000|  0%| F|  |TAMS 0x0000000715600000| PB 0x0000000715600000| Untracked 
| 172|0x0000000715800000, 0x0000000715800000, 0x0000000715a00000|  0%| F|  |TAMS 0x0000000715800000| PB 0x0000000715800000| Untracked 
| 173|0x0000000715a00000, 0x0000000715a00000, 0x0000000715c00000|  0%| F|  |TAMS 0x0000000715a00000| PB 0x0000000715a00000| Untracked 
| 174|0x0000000715c00000, 0x0000000715c00000, 0x0000000715e00000|  0%| F|  |TAMS 0x0000000715c00000| PB 0x0000000715c00000| Untracked 
| 175|0x0000000715e00000, 0x0000000715e00000, 0x0000000716000000|  0%| F|  |TAMS 0x0000000715e00000| PB 0x0000000715e00000| Untracked 
| 176|0x0000000716000000, 0x0000000716000000, 0x0000000716200000|  0%| F|  |TAMS 0x0000000716000000| PB 0x0000000716000000| Untracked 
| 177|0x0000000716200000, 0x0000000716200000, 0x0000000716400000|  0%| F|  |TAMS 0x0000000716200000| PB 0x0000000716200000| Untracked 
| 178|0x0000000716400000, 0x0000000716400000, 0x0000000716600000|  0%| F|  |TAMS 0x0000000716400000| PB 0x0000000716400000| Untracked 
| 179|0x0000000716600000, 0x0000000716600000, 0x0000000716800000|  0%| F|  |TAMS 0x0000000716600000| PB 0x0000000716600000| Untracked 
| 180|0x0000000716800000, 0x0000000716800000, 0x0000000716a00000|  0%| F|  |TAMS 0x0000000716800000| PB 0x0000000716800000| Untracked 
| 181|0x0000000716a00000, 0x0000000716a00000, 0x0000000716c00000|  0%| F|  |TAMS 0x0000000716a00000| PB 0x0000000716a00000| Untracked 
| 182|0x0000000716c00000, 0x0000000716c00000, 0x0000000716e00000|  0%| F|  |TAMS 0x0000000716c00000| PB 0x0000000716c00000| Untracked 
| 183|0x0000000716e00000, 0x0000000716e00000, 0x0000000717000000|  0%| F|  |TAMS 0x0000000716e00000| PB 0x0000000716e00000| Untracked 
| 184|0x0000000717000000, 0x0000000717000000, 0x0000000717200000|  0%| F|  |TAMS 0x0000000717000000| PB 0x0000000717000000| Untracked 
| 185|0x0000000717200000, 0x0000000717200000, 0x0000000717400000|  0%| F|  |TAMS 0x0000000717200000| PB 0x0000000717200000| Untracked 
| 186|0x0000000717400000, 0x0000000717400000, 0x0000000717600000|  0%| F|  |TAMS 0x0000000717400000| PB 0x0000000717400000| Untracked 
| 187|0x0000000717600000, 0x0000000717600000, 0x0000000717800000|  0%| F|  |TAMS 0x0000000717600000| PB 0x0000000717600000| Untracked 
| 188|0x0000000717800000, 0x0000000717800000, 0x0000000717a00000|  0%| F|  |TAMS 0x0000000717800000| PB 0x0000000717800000| Untracked 
| 189|0x0000000717a00000, 0x0000000717a00000, 0x0000000717c00000|  0%| F|  |TAMS 0x0000000717a00000| PB 0x0000000717a00000| Untracked 
| 190|0x0000000717c00000, 0x0000000717c00000, 0x0000000717e00000|  0%| F|  |TAMS 0x0000000717c00000| PB 0x0000000717c00000| Untracked 
| 191|0x0000000717e00000, 0x0000000717e00000, 0x0000000718000000|  0%| F|  |TAMS 0x0000000717e00000| PB 0x0000000717e00000| Untracked 
| 192|0x0000000718000000, 0x0000000718000000, 0x0000000718200000|  0%| F|  |TAMS 0x0000000718000000| PB 0x0000000718000000| Untracked 
| 193|0x0000000718200000, 0x0000000718200000, 0x0000000718400000|  0%| F|  |TAMS 0x0000000718200000| PB 0x0000000718200000| Untracked 
| 194|0x0000000718400000, 0x0000000718400000, 0x0000000718600000|  0%| F|  |TAMS 0x0000000718400000| PB 0x0000000718400000| Untracked 
| 195|0x0000000718600000, 0x0000000718600000, 0x0000000718800000|  0%| F|  |TAMS 0x0000000718600000| PB 0x0000000718600000| Untracked 
| 196|0x0000000718800000, 0x0000000718800000, 0x0000000718a00000|  0%| F|  |TAMS 0x0000000718800000| PB 0x0000000718800000| Untracked 
| 197|0x0000000718a00000, 0x0000000718a00000, 0x0000000718c00000|  0%| F|  |TAMS 0x0000000718a00000| PB 0x0000000718a00000| Untracked 
| 198|0x0000000718c00000, 0x0000000718c00000, 0x0000000718e00000|  0%| F|  |TAMS 0x0000000718c00000| PB 0x0000000718c00000| Untracked 
| 199|0x0000000718e00000, 0x0000000718e00000, 0x0000000719000000|  0%| F|  |TAMS 0x0000000718e00000| PB 0x0000000718e00000| Untracked 
| 200|0x0000000719000000, 0x0000000719000000, 0x0000000719200000|  0%| F|  |TAMS 0x0000000719000000| PB 0x0000000719000000| Untracked 
| 201|0x0000000719200000, 0x0000000719200000, 0x0000000719400000|  0%| F|  |TAMS 0x0000000719200000| PB 0x0000000719200000| Untracked 
| 202|0x0000000719400000, 0x0000000719400000, 0x0000000719600000|  0%| F|  |TAMS 0x0000000719400000| PB 0x0000000719400000| Untracked 
| 203|0x0000000719600000, 0x0000000719600000, 0x0000000719800000|  0%| F|  |TAMS 0x0000000719600000| PB 0x0000000719600000| Untracked 
| 204|0x0000000719800000, 0x0000000719800000, 0x0000000719a00000|  0%| F|  |TAMS 0x0000000719800000| PB 0x0000000719800000| Untracked 
| 205|0x0000000719a00000, 0x0000000719a00000, 0x0000000719c00000|  0%| F|  |TAMS 0x0000000719a00000| PB 0x0000000719a00000| Untracked 
| 206|0x0000000719c00000, 0x0000000719c00000, 0x0000000719e00000|  0%| F|  |TAMS 0x0000000719c00000| PB 0x0000000719c00000| Untracked 
| 207|0x0000000719e00000, 0x0000000719e00000, 0x000000071a000000|  0%| F|  |TAMS 0x0000000719e00000| PB 0x0000000719e00000| Untracked 
| 208|0x000000071a000000, 0x000000071a000000, 0x000000071a200000|  0%| F|  |TAMS 0x000000071a000000| PB 0x000000071a000000| Untracked 
| 209|0x000000071a200000, 0x000000071a200000, 0x000000071a400000|  0%| F|  |TAMS 0x000000071a200000| PB 0x000000071a200000| Untracked 
| 210|0x000000071a400000, 0x000000071a400000, 0x000000071a600000|  0%| F|  |TAMS 0x000000071a400000| PB 0x000000071a400000| Untracked 
| 211|0x000000071a600000, 0x000000071a600000, 0x000000071a800000|  0%| F|  |TAMS 0x000000071a600000| PB 0x000000071a600000| Untracked 
| 212|0x000000071a800000, 0x000000071a800000, 0x000000071aa00000|  0%| F|  |TAMS 0x000000071a800000| PB 0x000000071a800000| Untracked 
| 213|0x000000071aa00000, 0x000000071aa00000, 0x000000071ac00000|  0%| F|  |TAMS 0x000000071aa00000| PB 0x000000071aa00000| Untracked 
| 214|0x000000071ac00000, 0x000000071ac00000, 0x000000071ae00000|  0%| F|  |TAMS 0x000000071ac00000| PB 0x000000071ac00000| Untracked 
| 215|0x000000071ae00000, 0x000000071ae00000, 0x000000071b000000|  0%| F|  |TAMS 0x000000071ae00000| PB 0x000000071ae00000| Untracked 
| 216|0x000000071b000000, 0x000000071b000000, 0x000000071b200000|  0%| F|  |TAMS 0x000000071b000000| PB 0x000000071b000000| Untracked 
| 217|0x000000071b200000, 0x000000071b200000, 0x000000071b400000|  0%| F|  |TAMS 0x000000071b200000| PB 0x000000071b200000| Untracked 
| 218|0x000000071b400000, 0x000000071b400000, 0x000000071b600000|  0%| F|  |TAMS 0x000000071b400000| PB 0x000000071b400000| Untracked 
| 219|0x000000071b600000, 0x000000071b600000, 0x000000071b800000|  0%| F|  |TAMS 0x000000071b600000| PB 0x000000071b600000| Untracked 
| 220|0x000000071b800000, 0x000000071b800000, 0x000000071ba00000|  0%| F|  |TAMS 0x000000071b800000| PB 0x000000071b800000| Untracked 
| 221|0x000000071ba00000, 0x000000071ba00000, 0x000000071bc00000|  0%| F|  |TAMS 0x000000071ba00000| PB 0x000000071ba00000| Untracked 
| 222|0x000000071bc00000, 0x000000071bc00000, 0x000000071be00000|  0%| F|  |TAMS 0x000000071bc00000| PB 0x000000071bc00000| Untracked 
| 223|0x000000071be00000, 0x000000071be00000, 0x000000071c000000|  0%| F|  |TAMS 0x000000071be00000| PB 0x000000071be00000| Untracked 
| 224|0x000000071c000000, 0x000000071c000000, 0x000000071c200000|  0%| F|  |TAMS 0x000000071c000000| PB 0x000000071c000000| Untracked 
| 225|0x000000071c200000, 0x000000071c200000, 0x000000071c400000|  0%| F|  |TAMS 0x000000071c200000| PB 0x000000071c200000| Untracked 
| 226|0x000000071c400000, 0x000000071c400000, 0x000000071c600000|  0%| F|  |TAMS 0x000000071c400000| PB 0x000000071c400000| Untracked 
| 227|0x000000071c600000, 0x000000071c600000, 0x000000071c800000|  0%| F|  |TAMS 0x000000071c600000| PB 0x000000071c600000| Untracked 
| 228|0x000000071c800000, 0x000000071c800000, 0x000000071ca00000|  0%| F|  |TAMS 0x000000071c800000| PB 0x000000071c800000| Untracked 
| 229|0x000000071ca00000, 0x000000071ca00000, 0x000000071cc00000|  0%| F|  |TAMS 0x000000071ca00000| PB 0x000000071ca00000| Untracked 
| 230|0x000000071cc00000, 0x000000071cc00000, 0x000000071ce00000|  0%| F|  |TAMS 0x000000071cc00000| PB 0x000000071cc00000| Untracked 
| 231|0x000000071ce00000, 0x000000071ce00000, 0x000000071d000000|  0%| F|  |TAMS 0x000000071ce00000| PB 0x000000071ce00000| Untracked 
| 232|0x000000071d000000, 0x000000071d000000, 0x000000071d200000|  0%| F|  |TAMS 0x000000071d000000| PB 0x000000071d000000| Untracked 
| 233|0x000000071d200000, 0x000000071d200000, 0x000000071d400000|  0%| F|  |TAMS 0x000000071d200000| PB 0x000000071d200000| Untracked 
| 234|0x000000071d400000, 0x000000071d400000, 0x000000071d600000|  0%| F|  |TAMS 0x000000071d400000| PB 0x000000071d400000| Untracked 
| 235|0x000000071d600000, 0x000000071d600000, 0x000000071d800000|  0%| F|  |TAMS 0x000000071d600000| PB 0x000000071d600000| Untracked 
| 236|0x000000071d800000, 0x000000071d800000, 0x000000071da00000|  0%| F|  |TAMS 0x000000071d800000| PB 0x000000071d800000| Untracked 
| 237|0x000000071da00000, 0x000000071da00000, 0x000000071dc00000|  0%| F|  |TAMS 0x000000071da00000| PB 0x000000071da00000| Untracked 
| 238|0x000000071dc00000, 0x000000071dc00000, 0x000000071de00000|  0%| F|  |TAMS 0x000000071dc00000| PB 0x000000071dc00000| Untracked 
| 239|0x000000071de00000, 0x000000071de00000, 0x000000071e000000|  0%| F|  |TAMS 0x000000071de00000| PB 0x000000071de00000| Untracked 
| 240|0x000000071e000000, 0x000000071e000000, 0x000000071e200000|  0%| F|  |TAMS 0x000000071e000000| PB 0x000000071e000000| Untracked 
| 241|0x000000071e200000, 0x000000071e200000, 0x000000071e400000|  0%| F|  |TAMS 0x000000071e200000| PB 0x000000071e200000| Untracked 
| 242|0x000000071e400000, 0x000000071e400000, 0x000000071e600000|  0%| F|  |TAMS 0x000000071e400000| PB 0x000000071e400000| Untracked 
| 243|0x000000071e600000, 0x000000071e600000, 0x000000071e800000|  0%| F|  |TAMS 0x000000071e600000| PB 0x000000071e600000| Untracked 
| 244|0x000000071e800000, 0x000000071e908010, 0x000000071ea00000| 51%| S|CS|TAMS 0x000000071e800000| PB 0x000000071e800000| Complete 
| 245|0x000000071ea00000, 0x000000071ec00000, 0x000000071ec00000|100%| S|CS|TAMS 0x000000071ea00000| PB 0x000000071ea00000| Complete 
| 246|0x000000071ec00000, 0x000000071ee00000, 0x000000071ee00000|100%| S|CS|TAMS 0x000000071ec00000| PB 0x000000071ec00000| Complete 
| 247|0x000000071ee00000, 0x000000071f000000, 0x000000071f000000|100%| S|CS|TAMS 0x000000071ee00000| PB 0x000000071ee00000| Complete 
| 248|0x000000071f000000, 0x000000071f000000, 0x000000071f200000|  0%| F|  |TAMS 0x000000071f000000| PB 0x000000071f000000| Untracked 
| 249|0x000000071f200000, 0x000000071f200000, 0x000000071f400000|  0%| F|  |TAMS 0x000000071f200000| PB 0x000000071f200000| Untracked 
| 250|0x000000071f400000, 0x000000071f400000, 0x000000071f600000|  0%| F|  |TAMS 0x000000071f400000| PB 0x000000071f400000| Untracked 
| 251|0x000000071f600000, 0x000000071f600000, 0x000000071f800000|  0%| F|  |TAMS 0x000000071f600000| PB 0x000000071f600000| Untracked 
| 252|0x000000071f800000, 0x000000071f800000, 0x000000071fa00000|  0%| F|  |TAMS 0x000000071f800000| PB 0x000000071f800000| Untracked 
| 253|0x000000071fa00000, 0x000000071fa00000, 0x000000071fc00000|  0%| F|  |TAMS 0x000000071fa00000| PB 0x000000071fa00000| Untracked 
| 254|0x000000071fc00000, 0x000000071fc00000, 0x000000071fe00000|  0%| F|  |TAMS 0x000000071fc00000| PB 0x000000071fc00000| Untracked 
| 255|0x000000071fe00000, 0x000000071fe00000, 0x0000000720000000|  0%| F|  |TAMS 0x000000071fe00000| PB 0x000000071fe00000| Untracked 
| 256|0x0000000720000000, 0x0000000720000000, 0x0000000720200000|  0%| F|  |TAMS 0x0000000720000000| PB 0x0000000720000000| Untracked 
| 257|0x0000000720200000, 0x0000000720200000, 0x0000000720400000|  0%| F|  |TAMS 0x0000000720200000| PB 0x0000000720200000| Untracked 
| 258|0x0000000720400000, 0x0000000720400000, 0x0000000720600000|  0%| F|  |TAMS 0x0000000720400000| PB 0x0000000720400000| Untracked 
| 259|0x0000000720600000, 0x0000000720600000, 0x0000000720800000|  0%| F|  |TAMS 0x0000000720600000| PB 0x0000000720600000| Untracked 
| 260|0x0000000720800000, 0x0000000720800000, 0x0000000720a00000|  0%| F|  |TAMS 0x0000000720800000| PB 0x0000000720800000| Untracked 
| 261|0x0000000720a00000, 0x0000000720a00000, 0x0000000720c00000|  0%| F|  |TAMS 0x0000000720a00000| PB 0x0000000720a00000| Untracked 
| 262|0x0000000720c00000, 0x0000000720c00000, 0x0000000720e00000|  0%| F|  |TAMS 0x0000000720c00000| PB 0x0000000720c00000| Untracked 
| 263|0x0000000720e00000, 0x0000000720e00000, 0x0000000721000000|  0%| F|  |TAMS 0x0000000720e00000| PB 0x0000000720e00000| Untracked 
| 264|0x0000000721000000, 0x0000000721000000, 0x0000000721200000|  0%| F|  |TAMS 0x0000000721000000| PB 0x0000000721000000| Untracked 
| 265|0x0000000721200000, 0x0000000721200000, 0x0000000721400000|  0%| F|  |TAMS 0x0000000721200000| PB 0x0000000721200000| Untracked 
| 266|0x0000000721400000, 0x0000000721400000, 0x0000000721600000|  0%| F|  |TAMS 0x0000000721400000| PB 0x0000000721400000| Untracked 
| 267|0x0000000721600000, 0x0000000721600000, 0x0000000721800000|  0%| F|  |TAMS 0x0000000721600000| PB 0x0000000721600000| Untracked 
| 268|0x0000000721800000, 0x0000000721800000, 0x0000000721a00000|  0%| F|  |TAMS 0x0000000721800000| PB 0x0000000721800000| Untracked 
| 269|0x0000000721a00000, 0x0000000721a00000, 0x0000000721c00000|  0%| F|  |TAMS 0x0000000721a00000| PB 0x0000000721a00000| Untracked 
| 270|0x0000000721c00000, 0x0000000721c00000, 0x0000000721e00000|  0%| F|  |TAMS 0x0000000721c00000| PB 0x0000000721c00000| Untracked 
| 271|0x0000000721e00000, 0x0000000721e00000, 0x0000000722000000|  0%| F|  |TAMS 0x0000000721e00000| PB 0x0000000721e00000| Untracked 
| 272|0x0000000722000000, 0x0000000722000000, 0x0000000722200000|  0%| F|  |TAMS 0x0000000722000000| PB 0x0000000722000000| Untracked 
| 273|0x0000000722200000, 0x0000000722200000, 0x0000000722400000|  0%| F|  |TAMS 0x0000000722200000| PB 0x0000000722200000| Untracked 
| 274|0x0000000722400000, 0x0000000722400000, 0x0000000722600000|  0%| F|  |TAMS 0x0000000722400000| PB 0x0000000722400000| Untracked 
| 275|0x0000000722600000, 0x0000000722600000, 0x0000000722800000|  0%| F|  |TAMS 0x0000000722600000| PB 0x0000000722600000| Untracked 
| 276|0x0000000722800000, 0x0000000722800000, 0x0000000722a00000|  0%| F|  |TAMS 0x0000000722800000| PB 0x0000000722800000| Untracked 
| 277|0x0000000722a00000, 0x0000000722a00000, 0x0000000722c00000|  0%| F|  |TAMS 0x0000000722a00000| PB 0x0000000722a00000| Untracked 
| 278|0x0000000722c00000, 0x0000000722c00000, 0x0000000722e00000|  0%| F|  |TAMS 0x0000000722c00000| PB 0x0000000722c00000| Untracked 
| 279|0x0000000722e00000, 0x0000000722e00000, 0x0000000723000000|  0%| F|  |TAMS 0x0000000722e00000| PB 0x0000000722e00000| Untracked 
| 280|0x0000000723000000, 0x0000000723000000, 0x0000000723200000|  0%| F|  |TAMS 0x0000000723000000| PB 0x0000000723000000| Untracked 
| 281|0x0000000723200000, 0x0000000723200000, 0x0000000723400000|  0%| F|  |TAMS 0x0000000723200000| PB 0x0000000723200000| Untracked 
| 282|0x0000000723400000, 0x0000000723400000, 0x0000000723600000|  0%| F|  |TAMS 0x0000000723400000| PB 0x0000000723400000| Untracked 
| 283|0x0000000723600000, 0x0000000723600000, 0x0000000723800000|  0%| F|  |TAMS 0x0000000723600000| PB 0x0000000723600000| Untracked 
| 284|0x0000000723800000, 0x0000000723800000, 0x0000000723a00000|  0%| F|  |TAMS 0x0000000723800000| PB 0x0000000723800000| Untracked 
| 285|0x0000000723a00000, 0x0000000723a00000, 0x0000000723c00000|  0%| F|  |TAMS 0x0000000723a00000| PB 0x0000000723a00000| Untracked 
| 286|0x0000000723c00000, 0x0000000723c00000, 0x0000000723e00000|  0%| F|  |TAMS 0x0000000723c00000| PB 0x0000000723c00000| Untracked 
| 287|0x0000000723e00000, 0x0000000723e00000, 0x0000000724000000|  0%| F|  |TAMS 0x0000000723e00000| PB 0x0000000723e00000| Untracked 
| 288|0x0000000724000000, 0x0000000724000000, 0x0000000724200000|  0%| F|  |TAMS 0x0000000724000000| PB 0x0000000724000000| Untracked 
| 289|0x0000000724200000, 0x0000000724200000, 0x0000000724400000|  0%| F|  |TAMS 0x0000000724200000| PB 0x0000000724200000| Untracked 
| 290|0x0000000724400000, 0x0000000724400000, 0x0000000724600000|  0%| F|  |TAMS 0x0000000724400000| PB 0x0000000724400000| Untracked 
| 291|0x0000000724600000, 0x0000000724600000, 0x0000000724800000|  0%| F|  |TAMS 0x0000000724600000| PB 0x0000000724600000| Untracked 
| 292|0x0000000724800000, 0x0000000724800000, 0x0000000724a00000|  0%| F|  |TAMS 0x0000000724800000| PB 0x0000000724800000| Untracked 
| 293|0x0000000724a00000, 0x0000000724a00000, 0x0000000724c00000|  0%| F|  |TAMS 0x0000000724a00000| PB 0x0000000724a00000| Untracked 
| 294|0x0000000724c00000, 0x0000000724c00000, 0x0000000724e00000|  0%| F|  |TAMS 0x0000000724c00000| PB 0x0000000724c00000| Untracked 
| 295|0x0000000724e00000, 0x0000000724e00000, 0x0000000725000000|  0%| F|  |TAMS 0x0000000724e00000| PB 0x0000000724e00000| Untracked 
| 296|0x0000000725000000, 0x0000000725000000, 0x0000000725200000|  0%| F|  |TAMS 0x0000000725000000| PB 0x0000000725000000| Untracked 
| 297|0x0000000725200000, 0x0000000725200000, 0x0000000725400000|  0%| F|  |TAMS 0x0000000725200000| PB 0x0000000725200000| Untracked 
| 298|0x0000000725400000, 0x0000000725400000, 0x0000000725600000|  0%| F|  |TAMS 0x0000000725400000| PB 0x0000000725400000| Untracked 
| 299|0x0000000725600000, 0x0000000725600000, 0x0000000725800000|  0%| F|  |TAMS 0x0000000725600000| PB 0x0000000725600000| Untracked 
| 300|0x0000000725800000, 0x0000000725800000, 0x0000000725a00000|  0%| F|  |TAMS 0x0000000725800000| PB 0x0000000725800000| Untracked 
| 301|0x0000000725a00000, 0x0000000725a00000, 0x0000000725c00000|  0%| F|  |TAMS 0x0000000725a00000| PB 0x0000000725a00000| Untracked 
| 302|0x0000000725c00000, 0x0000000725c00000, 0x0000000725e00000|  0%| F|  |TAMS 0x0000000725c00000| PB 0x0000000725c00000| Untracked 
| 303|0x0000000725e00000, 0x0000000725e00000, 0x0000000726000000|  0%| F|  |TAMS 0x0000000725e00000| PB 0x0000000725e00000| Untracked 
| 304|0x0000000726000000, 0x0000000726000000, 0x0000000726200000|  0%| F|  |TAMS 0x0000000726000000| PB 0x0000000726000000| Untracked 
| 305|0x0000000726200000, 0x0000000726200000, 0x0000000726400000|  0%| F|  |TAMS 0x0000000726200000| PB 0x0000000726200000| Untracked 
| 306|0x0000000726400000, 0x0000000726400000, 0x0000000726600000|  0%| F|  |TAMS 0x0000000726400000| PB 0x0000000726400000| Untracked 
| 307|0x0000000726600000, 0x0000000726600000, 0x0000000726800000|  0%| F|  |TAMS 0x0000000726600000| PB 0x0000000726600000| Untracked 
| 308|0x0000000726800000, 0x0000000726800000, 0x0000000726a00000|  0%| F|  |TAMS 0x0000000726800000| PB 0x0000000726800000| Untracked 
| 309|0x0000000726a00000, 0x0000000726a00000, 0x0000000726c00000|  0%| F|  |TAMS 0x0000000726a00000| PB 0x0000000726a00000| Untracked 
| 310|0x0000000726c00000, 0x0000000726c00000, 0x0000000726e00000|  0%| F|  |TAMS 0x0000000726c00000| PB 0x0000000726c00000| Untracked 
| 311|0x0000000726e00000, 0x0000000726e00000, 0x0000000727000000|  0%| F|  |TAMS 0x0000000726e00000| PB 0x0000000726e00000| Untracked 
| 312|0x0000000727000000, 0x0000000727000000, 0x0000000727200000|  0%| F|  |TAMS 0x0000000727000000| PB 0x0000000727000000| Untracked 
| 313|0x0000000727200000, 0x0000000727200000, 0x0000000727400000|  0%| F|  |TAMS 0x0000000727200000| PB 0x0000000727200000| Untracked 
| 314|0x0000000727400000, 0x0000000727400000, 0x0000000727600000|  0%| F|  |TAMS 0x0000000727400000| PB 0x0000000727400000| Untracked 
| 315|0x0000000727600000, 0x0000000727600000, 0x0000000727800000|  0%| F|  |TAMS 0x0000000727600000| PB 0x0000000727600000| Untracked 
| 316|0x0000000727800000, 0x0000000727800000, 0x0000000727a00000|  0%| F|  |TAMS 0x0000000727800000| PB 0x0000000727800000| Untracked 
| 317|0x0000000727a00000, 0x0000000727a00000, 0x0000000727c00000|  0%| F|  |TAMS 0x0000000727a00000| PB 0x0000000727a00000| Untracked 
| 318|0x0000000727c00000, 0x0000000727c00000, 0x0000000727e00000|  0%| F|  |TAMS 0x0000000727c00000| PB 0x0000000727c00000| Untracked 
| 319|0x0000000727e00000, 0x0000000727e00000, 0x0000000728000000|  0%| F|  |TAMS 0x0000000727e00000| PB 0x0000000727e00000| Untracked 
| 320|0x0000000728000000, 0x0000000728000000, 0x0000000728200000|  0%| F|  |TAMS 0x0000000728000000| PB 0x0000000728000000| Untracked 
| 321|0x0000000728200000, 0x0000000728200000, 0x0000000728400000|  0%| F|  |TAMS 0x0000000728200000| PB 0x0000000728200000| Untracked 
| 322|0x0000000728400000, 0x0000000728400000, 0x0000000728600000|  0%| F|  |TAMS 0x0000000728400000| PB 0x0000000728400000| Untracked 
| 323|0x0000000728600000, 0x0000000728600000, 0x0000000728800000|  0%| F|  |TAMS 0x0000000728600000| PB 0x0000000728600000| Untracked 
| 324|0x0000000728800000, 0x0000000728800000, 0x0000000728a00000|  0%| F|  |TAMS 0x0000000728800000| PB 0x0000000728800000| Untracked 
| 325|0x0000000728a00000, 0x0000000728a00000, 0x0000000728c00000|  0%| F|  |TAMS 0x0000000728a00000| PB 0x0000000728a00000| Untracked 
| 326|0x0000000728c00000, 0x0000000728c00000, 0x0000000728e00000|  0%| F|  |TAMS 0x0000000728c00000| PB 0x0000000728c00000| Untracked 
| 327|0x0000000728e00000, 0x0000000728e00000, 0x0000000729000000|  0%| F|  |TAMS 0x0000000728e00000| PB 0x0000000728e00000| Untracked 
| 328|0x0000000729000000, 0x0000000729000000, 0x0000000729200000|  0%| F|  |TAMS 0x0000000729000000| PB 0x0000000729000000| Untracked 
| 329|0x0000000729200000, 0x0000000729200000, 0x0000000729400000|  0%| F|  |TAMS 0x0000000729200000| PB 0x0000000729200000| Untracked 
| 330|0x0000000729400000, 0x0000000729400000, 0x0000000729600000|  0%| F|  |TAMS 0x0000000729400000| PB 0x0000000729400000| Untracked 
| 331|0x0000000729600000, 0x0000000729600000, 0x0000000729800000|  0%| F|  |TAMS 0x0000000729600000| PB 0x0000000729600000| Untracked 
| 332|0x0000000729800000, 0x0000000729800000, 0x0000000729a00000|  0%| F|  |TAMS 0x0000000729800000| PB 0x0000000729800000| Untracked 
| 333|0x0000000729a00000, 0x0000000729a00000, 0x0000000729c00000|  0%| F|  |TAMS 0x0000000729a00000| PB 0x0000000729a00000| Untracked 
| 334|0x0000000729c00000, 0x0000000729c00000, 0x0000000729e00000|  0%| F|  |TAMS 0x0000000729c00000| PB 0x0000000729c00000| Untracked 
| 335|0x0000000729e00000, 0x0000000729e00000, 0x000000072a000000|  0%| F|  |TAMS 0x0000000729e00000| PB 0x0000000729e00000| Untracked 
| 336|0x000000072a000000, 0x000000072a000000, 0x000000072a200000|  0%| F|  |TAMS 0x000000072a000000| PB 0x000000072a000000| Untracked 
| 337|0x000000072a200000, 0x000000072a200000, 0x000000072a400000|  0%| F|  |TAMS 0x000000072a200000| PB 0x000000072a200000| Untracked 
| 338|0x000000072a400000, 0x000000072a400000, 0x000000072a600000|  0%| F|  |TAMS 0x000000072a400000| PB 0x000000072a400000| Untracked 
| 339|0x000000072a600000, 0x000000072a600000, 0x000000072a800000|  0%| F|  |TAMS 0x000000072a600000| PB 0x000000072a600000| Untracked 
| 340|0x000000072a800000, 0x000000072a800000, 0x000000072aa00000|  0%| F|  |TAMS 0x000000072a800000| PB 0x000000072a800000| Untracked 
| 341|0x000000072aa00000, 0x000000072aa00000, 0x000000072ac00000|  0%| F|  |TAMS 0x000000072aa00000| PB 0x000000072aa00000| Untracked 
| 342|0x000000072ac00000, 0x000000072ac00000, 0x000000072ae00000|  0%| F|  |TAMS 0x000000072ac00000| PB 0x000000072ac00000| Untracked 
| 343|0x000000072ae00000, 0x000000072ae00000, 0x000000072b000000|  0%| F|  |TAMS 0x000000072ae00000| PB 0x000000072ae00000| Untracked 
| 344|0x000000072b000000, 0x000000072b000000, 0x000000072b200000|  0%| F|  |TAMS 0x000000072b000000| PB 0x000000072b000000| Untracked 
| 345|0x000000072b200000, 0x000000072b200000, 0x000000072b400000|  0%| F|  |TAMS 0x000000072b200000| PB 0x000000072b200000| Untracked 
| 346|0x000000072b400000, 0x000000072b400000, 0x000000072b600000|  0%| F|  |TAMS 0x000000072b400000| PB 0x000000072b400000| Untracked 
| 347|0x000000072b600000, 0x000000072b600000, 0x000000072b800000|  0%| F|  |TAMS 0x000000072b600000| PB 0x000000072b600000| Untracked 
| 348|0x000000072b800000, 0x000000072b800000, 0x000000072ba00000|  0%| F|  |TAMS 0x000000072b800000| PB 0x000000072b800000| Untracked 
| 349|0x000000072ba00000, 0x000000072ba00000, 0x000000072bc00000|  0%| F|  |TAMS 0x000000072ba00000| PB 0x000000072ba00000| Untracked 
| 350|0x000000072bc00000, 0x000000072bc00000, 0x000000072be00000|  0%| F|  |TAMS 0x000000072bc00000| PB 0x000000072bc00000| Untracked 
| 351|0x000000072be00000, 0x000000072be00000, 0x000000072c000000|  0%| F|  |TAMS 0x000000072be00000| PB 0x000000072be00000| Untracked 
| 352|0x000000072c000000, 0x000000072c000000, 0x000000072c200000|  0%| F|  |TAMS 0x000000072c000000| PB 0x000000072c000000| Untracked 
| 353|0x000000072c200000, 0x000000072c200000, 0x000000072c400000|  0%| F|  |TAMS 0x000000072c200000| PB 0x000000072c200000| Untracked 
| 354|0x000000072c400000, 0x000000072c400000, 0x000000072c600000|  0%| F|  |TAMS 0x000000072c400000| PB 0x000000072c400000| Untracked 
| 355|0x000000072c600000, 0x000000072c600000, 0x000000072c800000|  0%| F|  |TAMS 0x000000072c600000| PB 0x000000072c600000| Untracked 
| 356|0x000000072c800000, 0x000000072c800000, 0x000000072ca00000|  0%| F|  |TAMS 0x000000072c800000| PB 0x000000072c800000| Untracked 
| 357|0x000000072ca00000, 0x000000072ca00000, 0x000000072cc00000|  0%| F|  |TAMS 0x000000072ca00000| PB 0x000000072ca00000| Untracked 
| 358|0x000000072cc00000, 0x000000072cc00000, 0x000000072ce00000|  0%| F|  |TAMS 0x000000072cc00000| PB 0x000000072cc00000| Untracked 
| 359|0x000000072ce00000, 0x000000072ce00000, 0x000000072d000000|  0%| F|  |TAMS 0x000000072ce00000| PB 0x000000072ce00000| Untracked 
| 360|0x000000072d000000, 0x000000072d000000, 0x000000072d200000|  0%| F|  |TAMS 0x000000072d000000| PB 0x000000072d000000| Untracked 
| 361|0x000000072d200000, 0x000000072d200000, 0x000000072d400000|  0%| F|  |TAMS 0x000000072d200000| PB 0x000000072d200000| Untracked 
| 362|0x000000072d400000, 0x000000072d400000, 0x000000072d600000|  0%| F|  |TAMS 0x000000072d400000| PB 0x000000072d400000| Untracked 
| 363|0x000000072d600000, 0x000000072d600000, 0x000000072d800000|  0%| F|  |TAMS 0x000000072d600000| PB 0x000000072d600000| Untracked 
| 364|0x000000072d800000, 0x000000072d800000, 0x000000072da00000|  0%| F|  |TAMS 0x000000072d800000| PB 0x000000072d800000| Untracked 
| 365|0x000000072da00000, 0x000000072da00000, 0x000000072dc00000|  0%| F|  |TAMS 0x000000072da00000| PB 0x000000072da00000| Untracked 
| 366|0x000000072dc00000, 0x000000072dc00000, 0x000000072de00000|  0%| F|  |TAMS 0x000000072dc00000| PB 0x000000072dc00000| Untracked 
| 367|0x000000072de00000, 0x000000072de00000, 0x000000072e000000|  0%| F|  |TAMS 0x000000072de00000| PB 0x000000072de00000| Untracked 
| 368|0x000000072e000000, 0x000000072e000000, 0x000000072e200000|  0%| F|  |TAMS 0x000000072e000000| PB 0x000000072e000000| Untracked 
| 369|0x000000072e200000, 0x000000072e200000, 0x000000072e400000|  0%| F|  |TAMS 0x000000072e200000| PB 0x000000072e200000| Untracked 
| 370|0x000000072e400000, 0x000000072e400000, 0x000000072e600000|  0%| F|  |TAMS 0x000000072e400000| PB 0x000000072e400000| Untracked 
| 371|0x000000072e600000, 0x000000072e600000, 0x000000072e800000|  0%| F|  |TAMS 0x000000072e600000| PB 0x000000072e600000| Untracked 
| 372|0x000000072e800000, 0x000000072e800000, 0x000000072ea00000|  0%| F|  |TAMS 0x000000072e800000| PB 0x000000072e800000| Untracked 
| 373|0x000000072ea00000, 0x000000072ea00000, 0x000000072ec00000|  0%| F|  |TAMS 0x000000072ea00000| PB 0x000000072ea00000| Untracked 
| 374|0x000000072ec00000, 0x000000072ec00000, 0x000000072ee00000|  0%| F|  |TAMS 0x000000072ec00000| PB 0x000000072ec00000| Untracked 
| 375|0x000000072ee00000, 0x000000072ee00000, 0x000000072f000000|  0%| F|  |TAMS 0x000000072ee00000| PB 0x000000072ee00000| Untracked 
| 376|0x000000072f000000, 0x000000072f000000, 0x000000072f200000|  0%| F|  |TAMS 0x000000072f000000| PB 0x000000072f000000| Untracked 
| 377|0x000000072f200000, 0x000000072f200000, 0x000000072f400000|  0%| F|  |TAMS 0x000000072f200000| PB 0x000000072f200000| Untracked 
| 378|0x000000072f400000, 0x000000072f400000, 0x000000072f600000|  0%| F|  |TAMS 0x000000072f400000| PB 0x000000072f400000| Untracked 
| 379|0x000000072f600000, 0x000000072f600000, 0x000000072f800000|  0%| F|  |TAMS 0x000000072f600000| PB 0x000000072f600000| Untracked 
| 380|0x000000072f800000, 0x000000072f800000, 0x000000072fa00000|  0%| F|  |TAMS 0x000000072f800000| PB 0x000000072f800000| Untracked 
| 381|0x000000072fa00000, 0x000000072fa00000, 0x000000072fc00000|  0%| F|  |TAMS 0x000000072fa00000| PB 0x000000072fa00000| Untracked 
| 382|0x000000072fc00000, 0x000000072fc00000, 0x000000072fe00000|  0%| F|  |TAMS 0x000000072fc00000| PB 0x000000072fc00000| Untracked 
| 383|0x000000072fe00000, 0x000000072fe00000, 0x0000000730000000|  0%| F|  |TAMS 0x000000072fe00000| PB 0x000000072fe00000| Untracked 
| 384|0x0000000730000000, 0x0000000730000000, 0x0000000730200000|  0%| F|  |TAMS 0x0000000730000000| PB 0x0000000730000000| Untracked 
| 385|0x0000000730200000, 0x0000000730200000, 0x0000000730400000|  0%| F|  |TAMS 0x0000000730200000| PB 0x0000000730200000| Untracked 
| 386|0x0000000730400000, 0x0000000730400000, 0x0000000730600000|  0%| F|  |TAMS 0x0000000730400000| PB 0x0000000730400000| Untracked 
| 387|0x0000000730600000, 0x0000000730600000, 0x0000000730800000|  0%| F|  |TAMS 0x0000000730600000| PB 0x0000000730600000| Untracked 
| 388|0x0000000730800000, 0x0000000730800000, 0x0000000730a00000|  0%| F|  |TAMS 0x0000000730800000| PB 0x0000000730800000| Untracked 
| 389|0x0000000730a00000, 0x0000000730a00000, 0x0000000730c00000|  0%| F|  |TAMS 0x0000000730a00000| PB 0x0000000730a00000| Untracked 
| 390|0x0000000730c00000, 0x0000000730c00000, 0x0000000730e00000|  0%| F|  |TAMS 0x0000000730c00000| PB 0x0000000730c00000| Untracked 
| 391|0x0000000730e00000, 0x0000000730e00000, 0x0000000731000000|  0%| F|  |TAMS 0x0000000730e00000| PB 0x0000000730e00000| Untracked 
| 392|0x0000000731000000, 0x0000000731000000, 0x0000000731200000|  0%| F|  |TAMS 0x0000000731000000| PB 0x0000000731000000| Untracked 
| 393|0x0000000731200000, 0x0000000731200000, 0x0000000731400000|  0%| F|  |TAMS 0x0000000731200000| PB 0x0000000731200000| Untracked 
| 394|0x0000000731400000, 0x0000000731400000, 0x0000000731600000|  0%| F|  |TAMS 0x0000000731400000| PB 0x0000000731400000| Untracked 
| 395|0x0000000731600000, 0x0000000731600000, 0x0000000731800000|  0%| F|  |TAMS 0x0000000731600000| PB 0x0000000731600000| Untracked 
| 396|0x0000000731800000, 0x0000000731800000, 0x0000000731a00000|  0%| F|  |TAMS 0x0000000731800000| PB 0x0000000731800000| Untracked 
| 397|0x0000000731a00000, 0x0000000731a00000, 0x0000000731c00000|  0%| F|  |TAMS 0x0000000731a00000| PB 0x0000000731a00000| Untracked 
| 398|0x0000000731c00000, 0x0000000731c00000, 0x0000000731e00000|  0%| F|  |TAMS 0x0000000731c00000| PB 0x0000000731c00000| Untracked 
| 399|0x0000000731e00000, 0x0000000731e00000, 0x0000000732000000|  0%| F|  |TAMS 0x0000000731e00000| PB 0x0000000731e00000| Untracked 
| 400|0x0000000732000000, 0x0000000732000000, 0x0000000732200000|  0%| F|  |TAMS 0x0000000732000000| PB 0x0000000732000000| Untracked 
| 401|0x0000000732200000, 0x0000000732200000, 0x0000000732400000|  0%| F|  |TAMS 0x0000000732200000| PB 0x0000000732200000| Untracked 
| 402|0x0000000732400000, 0x0000000732400000, 0x0000000732600000|  0%| F|  |TAMS 0x0000000732400000| PB 0x0000000732400000| Untracked 
| 403|0x0000000732600000, 0x0000000732600000, 0x0000000732800000|  0%| F|  |TAMS 0x0000000732600000| PB 0x0000000732600000| Untracked 
| 404|0x0000000732800000, 0x0000000732800000, 0x0000000732a00000|  0%| F|  |TAMS 0x0000000732800000| PB 0x0000000732800000| Untracked 
| 405|0x0000000732a00000, 0x0000000732a00000, 0x0000000732c00000|  0%| F|  |TAMS 0x0000000732a00000| PB 0x0000000732a00000| Untracked 
| 406|0x0000000732c00000, 0x0000000732c00000, 0x0000000732e00000|  0%| F|  |TAMS 0x0000000732c00000| PB 0x0000000732c00000| Untracked 
| 407|0x0000000732e00000, 0x0000000732e00000, 0x0000000733000000|  0%| F|  |TAMS 0x0000000732e00000| PB 0x0000000732e00000| Untracked 
| 408|0x0000000733000000, 0x0000000733000000, 0x0000000733200000|  0%| F|  |TAMS 0x0000000733000000| PB 0x0000000733000000| Untracked 
| 409|0x0000000733200000, 0x0000000733200000, 0x0000000733400000|  0%| F|  |TAMS 0x0000000733200000| PB 0x0000000733200000| Untracked 
| 410|0x0000000733400000, 0x0000000733400000, 0x0000000733600000|  0%| F|  |TAMS 0x0000000733400000| PB 0x0000000733400000| Untracked 
| 411|0x0000000733600000, 0x0000000733600000, 0x0000000733800000|  0%| F|  |TAMS 0x0000000733600000| PB 0x0000000733600000| Untracked 
| 412|0x0000000733800000, 0x0000000733800000, 0x0000000733a00000|  0%| F|  |TAMS 0x0000000733800000| PB 0x0000000733800000| Untracked 
| 413|0x0000000733a00000, 0x0000000733a00000, 0x0000000733c00000|  0%| F|  |TAMS 0x0000000733a00000| PB 0x0000000733a00000| Untracked 
| 414|0x0000000733c00000, 0x0000000733c00000, 0x0000000733e00000|  0%| F|  |TAMS 0x0000000733c00000| PB 0x0000000733c00000| Untracked 
| 415|0x0000000733e00000, 0x0000000733e00000, 0x0000000734000000|  0%| F|  |TAMS 0x0000000733e00000| PB 0x0000000733e00000| Untracked 
| 416|0x0000000734000000, 0x0000000734000000, 0x0000000734200000|  0%| F|  |TAMS 0x0000000734000000| PB 0x0000000734000000| Untracked 
| 417|0x0000000734200000, 0x0000000734200000, 0x0000000734400000|  0%| F|  |TAMS 0x0000000734200000| PB 0x0000000734200000| Untracked 
| 418|0x0000000734400000, 0x0000000734400000, 0x0000000734600000|  0%| F|  |TAMS 0x0000000734400000| PB 0x0000000734400000| Untracked 
| 419|0x0000000734600000, 0x0000000734600000, 0x0000000734800000|  0%| F|  |TAMS 0x0000000734600000| PB 0x0000000734600000| Untracked 
| 420|0x0000000734800000, 0x0000000734800000, 0x0000000734a00000|  0%| F|  |TAMS 0x0000000734800000| PB 0x0000000734800000| Untracked 
| 421|0x0000000734a00000, 0x0000000734a00000, 0x0000000734c00000|  0%| F|  |TAMS 0x0000000734a00000| PB 0x0000000734a00000| Untracked 
| 422|0x0000000734c00000, 0x0000000734c00000, 0x0000000734e00000|  0%| F|  |TAMS 0x0000000734c00000| PB 0x0000000734c00000| Untracked 
| 423|0x0000000734e00000, 0x0000000734e00000, 0x0000000735000000|  0%| F|  |TAMS 0x0000000734e00000| PB 0x0000000734e00000| Untracked 
| 424|0x0000000735000000, 0x0000000735000000, 0x0000000735200000|  0%| F|  |TAMS 0x0000000735000000| PB 0x0000000735000000| Untracked 
| 425|0x0000000735200000, 0x0000000735200000, 0x0000000735400000|  0%| F|  |TAMS 0x0000000735200000| PB 0x0000000735200000| Untracked 
| 426|0x0000000735400000, 0x0000000735400000, 0x0000000735600000|  0%| F|  |TAMS 0x0000000735400000| PB 0x0000000735400000| Untracked 
| 427|0x0000000735600000, 0x0000000735600000, 0x0000000735800000|  0%| F|  |TAMS 0x0000000735600000| PB 0x0000000735600000| Untracked 
| 428|0x0000000735800000, 0x0000000735800000, 0x0000000735a00000|  0%| F|  |TAMS 0x0000000735800000| PB 0x0000000735800000| Untracked 
| 429|0x0000000735a00000, 0x0000000735a00000, 0x0000000735c00000|  0%| F|  |TAMS 0x0000000735a00000| PB 0x0000000735a00000| Untracked 
| 430|0x0000000735c00000, 0x0000000735c00000, 0x0000000735e00000|  0%| F|  |TAMS 0x0000000735c00000| PB 0x0000000735c00000| Untracked 
| 431|0x0000000735e00000, 0x0000000735e00000, 0x0000000736000000|  0%| F|  |TAMS 0x0000000735e00000| PB 0x0000000735e00000| Untracked 
| 432|0x0000000736000000, 0x0000000736000000, 0x0000000736200000|  0%| F|  |TAMS 0x0000000736000000| PB 0x0000000736000000| Untracked 
| 433|0x0000000736200000, 0x0000000736200000, 0x0000000736400000|  0%| F|  |TAMS 0x0000000736200000| PB 0x0000000736200000| Untracked 
| 434|0x0000000736400000, 0x0000000736400000, 0x0000000736600000|  0%| F|  |TAMS 0x0000000736400000| PB 0x0000000736400000| Untracked 
| 435|0x0000000736600000, 0x0000000736600000, 0x0000000736800000|  0%| F|  |TAMS 0x0000000736600000| PB 0x0000000736600000| Untracked 
| 436|0x0000000736800000, 0x0000000736800000, 0x0000000736a00000|  0%| F|  |TAMS 0x0000000736800000| PB 0x0000000736800000| Untracked 
| 437|0x0000000736a00000, 0x0000000736a00000, 0x0000000736c00000|  0%| F|  |TAMS 0x0000000736a00000| PB 0x0000000736a00000| Untracked 
| 438|0x0000000736c00000, 0x0000000736c00000, 0x0000000736e00000|  0%| F|  |TAMS 0x0000000736c00000| PB 0x0000000736c00000| Untracked 
| 439|0x0000000736e00000, 0x0000000736e00000, 0x0000000737000000|  0%| F|  |TAMS 0x0000000736e00000| PB 0x0000000736e00000| Untracked 
| 440|0x0000000737000000, 0x0000000737000000, 0x0000000737200000|  0%| F|  |TAMS 0x0000000737000000| PB 0x0000000737000000| Untracked 
| 441|0x0000000737200000, 0x0000000737200000, 0x0000000737400000|  0%| F|  |TAMS 0x0000000737200000| PB 0x0000000737200000| Untracked 
| 442|0x0000000737400000, 0x0000000737400000, 0x0000000737600000|  0%| F|  |TAMS 0x0000000737400000| PB 0x0000000737400000| Untracked 
| 443|0x0000000737600000, 0x0000000737600000, 0x0000000737800000|  0%| F|  |TAMS 0x0000000737600000| PB 0x0000000737600000| Untracked 
| 444|0x0000000737800000, 0x0000000737800000, 0x0000000737a00000|  0%| F|  |TAMS 0x0000000737800000| PB 0x0000000737800000| Untracked 
| 445|0x0000000737a00000, 0x0000000737a00000, 0x0000000737c00000|  0%| F|  |TAMS 0x0000000737a00000| PB 0x0000000737a00000| Untracked 
| 446|0x0000000737c00000, 0x0000000737c00000, 0x0000000737e00000|  0%| F|  |TAMS 0x0000000737c00000| PB 0x0000000737c00000| Untracked 
| 447|0x0000000737e00000, 0x0000000737e00000, 0x0000000738000000|  0%| F|  |TAMS 0x0000000737e00000| PB 0x0000000737e00000| Untracked 
| 448|0x0000000738000000, 0x0000000738000000, 0x0000000738200000|  0%| F|  |TAMS 0x0000000738000000| PB 0x0000000738000000| Untracked 
| 449|0x0000000738200000, 0x0000000738200000, 0x0000000738400000|  0%| F|  |TAMS 0x0000000738200000| PB 0x0000000738200000| Untracked 
| 450|0x0000000738400000, 0x0000000738400000, 0x0000000738600000|  0%| F|  |TAMS 0x0000000738400000| PB 0x0000000738400000| Untracked 
| 451|0x0000000738600000, 0x0000000738600000, 0x0000000738800000|  0%| F|  |TAMS 0x0000000738600000| PB 0x0000000738600000| Untracked 
| 452|0x0000000738800000, 0x0000000738800000, 0x0000000738a00000|  0%| F|  |TAMS 0x0000000738800000| PB 0x0000000738800000| Untracked 
| 453|0x0000000738a00000, 0x0000000738a00000, 0x0000000738c00000|  0%| F|  |TAMS 0x0000000738a00000| PB 0x0000000738a00000| Untracked 
| 454|0x0000000738c00000, 0x0000000738c00000, 0x0000000738e00000|  0%| F|  |TAMS 0x0000000738c00000| PB 0x0000000738c00000| Untracked 
| 455|0x0000000738e00000, 0x0000000738e00000, 0x0000000739000000|  0%| F|  |TAMS 0x0000000738e00000| PB 0x0000000738e00000| Untracked 
| 456|0x0000000739000000, 0x0000000739000000, 0x0000000739200000|  0%| F|  |TAMS 0x0000000739000000| PB 0x0000000739000000| Untracked 
| 457|0x0000000739200000, 0x0000000739200000, 0x0000000739400000|  0%| F|  |TAMS 0x0000000739200000| PB 0x0000000739200000| Untracked 
| 458|0x0000000739400000, 0x0000000739400000, 0x0000000739600000|  0%| F|  |TAMS 0x0000000739400000| PB 0x0000000739400000| Untracked 
| 459|0x0000000739600000, 0x0000000739600000, 0x0000000739800000|  0%| F|  |TAMS 0x0000000739600000| PB 0x0000000739600000| Untracked 
| 460|0x0000000739800000, 0x0000000739800000, 0x0000000739a00000|  0%| F|  |TAMS 0x0000000739800000| PB 0x0000000739800000| Untracked 
| 461|0x0000000739a00000, 0x0000000739a00000, 0x0000000739c00000|  0%| F|  |TAMS 0x0000000739a00000| PB 0x0000000739a00000| Untracked 
| 462|0x0000000739c00000, 0x0000000739c00000, 0x0000000739e00000|  0%| F|  |TAMS 0x0000000739c00000| PB 0x0000000739c00000| Untracked 
| 463|0x0000000739e00000, 0x0000000739e00000, 0x000000073a000000|  0%| F|  |TAMS 0x0000000739e00000| PB 0x0000000739e00000| Untracked 
| 464|0x000000073a000000, 0x000000073a000000, 0x000000073a200000|  0%| F|  |TAMS 0x000000073a000000| PB 0x000000073a000000| Untracked 
| 465|0x000000073a200000, 0x000000073a200000, 0x000000073a400000|  0%| F|  |TAMS 0x000000073a200000| PB 0x000000073a200000| Untracked 
| 466|0x000000073a400000, 0x000000073a400000, 0x000000073a600000|  0%| F|  |TAMS 0x000000073a400000| PB 0x000000073a400000| Untracked 
| 467|0x000000073a600000, 0x000000073a600000, 0x000000073a800000|  0%| F|  |TAMS 0x000000073a600000| PB 0x000000073a600000| Untracked 
|2045|0x00000007ffa00000, 0x00000007ffa00000, 0x00000007ffc00000|  0%| F|  |TAMS 0x00000007ffa00000| PB 0x00000007ffa00000| Untracked 
|2046|0x00000007ffc00000, 0x00000007ffc00000, 0x00000007ffe00000|  0%| F|  |TAMS 0x00000007ffc00000| PB 0x00000007ffc00000| Untracked 
|2047|0x00000007ffe00000, 0x00000007ffe00000, 0x0000000800000000|  0%| F|  |TAMS 0x00000007ffe00000| PB 0x00000007ffe00000| Untracked 

Card table byte_map: [0x00000178c7f90000,0x00000178c8790000] _byte_map_base: 0x00000178c4790000

Marking Bits: (CMBitMap*) 0x00000178b52cc3b0
 Bits: [0x00000178c8790000, 0x00000178cc790000)

Polling page: 0x00000178b2f10000

Metaspace:

Usage:
  Non-class:    219.40 MB used.
      Class:     31.75 MB used.
       Both:    251.14 MB used.

Virtual space:
  Non-class space:      256.00 MB reserved,     220.69 MB ( 86%) committed,  4 nodes.
      Class space:        1.00 GB reserved,      33.00 MB (  3%) committed,  1 nodes.
             Both:        1.25 GB reserved,     253.69 MB ( 20%) committed. 

Chunk freelists:
   Non-Class:  3.16 MB
       Class:  14.99 MB
        Both:  18.14 MB

MaxMetaspaceSize: unlimited
CompressedClassSpaceSize: 1.00 GB
Initial GC threshold: 21.00 MB
Current GC threshold: 360.00 MB
CDS: on
 - commit_granule_bytes: 65536.
 - commit_granule_words: 8192.
 - virtual_space_node_default_size: 8388608.
 - enlarge_chunks_in_place: 1.
 - use_allocation_guard: 0.


Internal statistics:

num_allocs_failed_limit: 8.
num_arena_births: 7524.
num_arena_deaths: 2976.
num_vsnodes_births: 5.
num_vsnodes_deaths: 0.
num_space_committed: 4053.
num_space_uncommitted: 0.
num_chunks_returned_to_freelist: 3450.
num_chunks_taken_from_freelist: 20291.
num_chunk_merges: 1229.
num_chunk_splits: 13015.
num_chunks_enlarged: 8954.
num_inconsistent_stats: 0.

CodeHeap 'non-profiled nmethods': size=120000Kb used=25316Kb max_used=25316Kb free=94684Kb
 bounds [0x00000178bff30000, 0x00000178c17f0000, 0x00000178c7460000]
CodeHeap 'profiled nmethods': size=120000Kb used=73901Kb max_used=73901Kb free=46098Kb
 bounds [0x00000178b8460000, 0x00000178bcc90000, 0x00000178bf990000]
CodeHeap 'non-nmethods': size=5760Kb used=2310Kb max_used=2417Kb free=3449Kb
 bounds [0x00000178bf990000, 0x00000178bfc00000, 0x00000178bff30000]
CodeCache: size=245760Kb, used=101527Kb, max_used=101634Kb, free=144231Kb
 total_blobs=30616, nmethods=29481, adapters=1035, full_count=0
Compilation: enabled, stopped_count=0, restarted_count=0

Compilation events (20 events):
Event: 9587.427 Thread 0x00000178cf1b6350 nmethod 45269 0x00000178bcc83a10 code [0x00000178bcc83bc0, 0x00000178bcc83e58]
Event: 9587.427 Thread 0x00000178cf1b6350 45271       3       org.jetbrains.kotlin.gradle.plugin.hierarchy.KotlinHierarchy$Node::<init> (5 bytes)
Event: 9587.428 Thread 0x00000178cf1b6350 nmethod 45271 0x00000178bcc83f90 code [0x00000178bcc84140, 0x00000178bcc84308]
Event: 9587.428 Thread 0x00000178cf1b6350 45272       3       org.jetbrains.kotlin.gradle.plugin.hierarchy.KotlinHierarchy$Node::<init> (5 bytes)
Event: 9587.428 Thread 0x00000178cf1b6350 nmethod 45272 0x00000178bcc84410 code [0x00000178bcc845c0, 0x00000178bcc84728]
Event: 9587.428 Thread 0x00000178cf1b6350 45275       1       org.jetbrains.kotlin.gradle.plugin.hierarchy.KotlinSourceSetTreeClassifier$Property::getProperty (5 bytes)
Event: 9587.428 Thread 0x00000178cf1b6350 nmethod 45275 0x00000178c17e8a10 code [0x00000178c17e8ba0, 0x00000178c17e8c70]
Event: 9587.433 Thread 0x00000178cf1b6350 45276       3       org.jetbrains.kotlin.gradle.plugin.mpp.DecoratedKotlinCompilation::getExtras (10 bytes)
Event: 9587.433 Thread 0x00000178cf1b6350 nmethod 45276 0x00000178bcc84810 code [0x00000178bcc849c0, 0x00000178bcc84ba0]
Event: 9587.438 Thread 0x00000178cf1b6350 45277       3       org.jetbrains.kotlin.gradle.plugin.mpp.MetadataCompileClasspathConfigurationKt::getCompileDependenciesConfigurations (85 bytes)
Event: 9587.442 Thread 0x00000178cf1b6350 nmethod 45277 0x00000178bcc84c90 code [0x00000178bcc85080, 0x00000178bcc87470]
Event: 9587.442 Thread 0x00000178cf1b6350 45278       3       org.jetbrains.kotlin.gradle.plugin.hierarchy.KotlinSourceSetTreeClassifierKt$classify$1::<init> (6 bytes)
Event: 9587.446 Thread 0x00000178cf1b6350 nmethod 45278 0x00000178bcc87e10 code [0x00000178bcc87fe0, 0x00000178bcc88470]
Event: 9587.446 Thread 0x00000178cf1b6350 45279       3       org.jetbrains.kotlin.gradle.plugin.mpp.KotlinNativeTargetKt$getHostSpecificSourceSets$2::invokeSuspend (91 bytes)
Event: 9587.454 Thread 0x00000178cf1b6350 nmethod 45279 0x00000178bcc88610 code [0x00000178bcc88920, 0x00000178bcc89a48]
Event: 9587.454 Thread 0x00000178cf1b6350 45280       1       org.jetbrains.kotlin.gradle.dsl.PlatformSourceSetConventionsChecker$CheckedPlatformInfo::getExpectedTargetName (5 bytes)
Event: 9587.455 Thread 0x00000178cf1b6350 nmethod 45280 0x00000178c17e8d10 code [0x00000178c17e8ea0, 0x00000178c17e8f70]
Event: 9587.455 Thread 0x00000178cf1b6350 45282       3       org.jetbrains.kotlin.gradle.plugin.KotlinPluginLifecycleKt$launchInStage$1::invokeSuspend (141 bytes)
Event: 9587.457 Thread 0x00000178cf1b6350 nmethod 45282 0x00000178bcc89f90 code [0x00000178bcc8a220, 0x00000178bcc8b1e0]
Event: 9587.457 Thread 0x00000178cf1b6350 45281       3       org.jetbrains.kotlin.gradle.dsl.KotlinProjectExtension::awaitSourceSets$kotlin_gradle_plugin_common (131 bytes)

GC Heap History (20 events):
Event: 9459.216 GC heap after
{Heap after GC invocations=116 (full 0):
 garbage-first heap   total 540672K, used 224734K [0x0000000700000000, 0x0000000800000000)
  region size 2048K, 11 young (22528K), 11 survivors (22528K)
 Metaspace       used 218803K, committed 220928K, reserved 1245184K
  class space    used 27828K, committed 28864K, reserved 1048576K
}
Event: 9460.800 GC heap before
{Heap before GC invocations=116 (full 0):
 garbage-first heap   total 540672K, used 228830K [0x0000000700000000, 0x0000000800000000)
  region size 2048K, 13 young (26624K), 11 survivors (22528K)
 Metaspace       used 218994K, committed 221120K, reserved 1245184K
  class space    used 27829K, committed 28864K, reserved 1048576K
}
Event: 9460.973 GC heap after
{Heap after GC invocations=117 (full 0):
 garbage-first heap   total 540672K, used 227052K [0x0000000700000000, 0x0000000800000000)
  region size 2048K, 2 young (4096K), 2 survivors (4096K)
 Metaspace       used 218994K, committed 221120K, reserved 1245184K
  class space    used 27829K, committed 28864K, reserved 1048576K
}
Event: 9492.568 GC heap before
{Heap before GC invocations=118 (full 0):
 garbage-first heap   total 540672K, used 347884K [0x0000000700000000, 0x0000000800000000)
  region size 2048K, 61 young (124928K), 2 survivors (4096K)
 Metaspace       used 226417K, committed 228608K, reserved 1310720K
  class space    used 28673K, committed 29760K, reserved 1048576K
}
Event: 9492.661 GC heap after
{Heap after GC invocations=119 (full 0):
 garbage-first heap   total 540672K, used 231173K [0x0000000700000000, 0x0000000800000000)
  region size 2048K, 4 young (8192K), 4 survivors (8192K)
 Metaspace       used 226417K, committed 228608K, reserved 1310720K
  class space    used 28673K, committed 29760K, reserved 1048576K
}
Event: 9504.223 GC heap before
{Heap before GC invocations=119 (full 0):
 garbage-first heap   total 540672K, used 456453K [0x0000000700000000, 0x0000000800000000)
  region size 2048K, 115 young (235520K), 4 survivors (8192K)
 Metaspace       used 235382K, committed 237760K, reserved 1310720K
  class space    used 30027K, committed 31168K, reserved 1048576K
}
Event: 9504.289 GC heap after
{Heap after GC invocations=120 (full 0):
 garbage-first heap   total 540672K, used 232643K [0x0000000700000000, 0x0000000800000000)
  region size 2048K, 7 young (14336K), 7 survivors (14336K)
 Metaspace       used 235382K, committed 237760K, reserved 1310720K
  class space    used 30027K, committed 31168K, reserved 1048576K
}
Event: 9512.142 GC heap before
{Heap before GC invocations=120 (full 0):
 garbage-first heap   total 540672K, used 433347K [0x0000000700000000, 0x0000000800000000)
  region size 2048K, 106 young (217088K), 7 survivors (14336K)
 Metaspace       used 235763K, committed 238144K, reserved 1310720K
  class space    used 30037K, committed 31168K, reserved 1048576K
}
Event: 9512.229 GC heap after
{Heap after GC invocations=121 (full 0):
 garbage-first heap   total 540672K, used 243151K [0x0000000700000000, 0x0000000800000000)
  region size 2048K, 14 young (28672K), 14 survivors (28672K)
 Metaspace       used 235763K, committed 238144K, reserved 1310720K
  class space    used 30037K, committed 31168K, reserved 1048576K
}
Event: 9527.105 GC heap before
{Heap before GC invocations=121 (full 0):
 garbage-first heap   total 540672K, used 390607K [0x0000000700000000, 0x0000000800000000)
  region size 2048K, 87 young (178176K), 14 survivors (28672K)
 Metaspace       used 242967K, committed 245376K, reserved 1310720K
  class space    used 30775K, committed 31936K, reserved 1048576K
}
Event: 9527.226 GC heap after
{Heap after GC invocations=122 (full 0):
 garbage-first heap   total 540672K, used 230538K [0x0000000700000000, 0x0000000800000000)
  region size 2048K, 6 young (12288K), 6 survivors (12288K)
 Metaspace       used 242967K, committed 245376K, reserved 1310720K
  class space    used 30775K, committed 31936K, reserved 1048576K
}
Event: 9573.438 GC heap before
{Heap before GC invocations=122 (full 0):
 garbage-first heap   total 540672K, used 478346K [0x0000000700000000, 0x0000000800000000)
  region size 2048K, 128 young (262144K), 6 survivors (12288K)
 Metaspace       used 256917K, committed 259456K, reserved 1310720K
  class space    used 32487K, committed 33728K, reserved 1048576K
}
Event: 9574.443 GC heap after
{Heap after GC invocations=123 (full 0):
 garbage-first heap   total 540672K, used 241263K [0x0000000700000000, 0x0000000800000000)
  region size 2048K, 13 young (26624K), 13 survivors (26624K)
 Metaspace       used 256917K, committed 259456K, reserved 1310720K
  class space    used 32487K, committed 33728K, reserved 1048576K
}
Event: 9574.515 GC heap before
{Heap before GC invocations=123 (full 0):
 garbage-first heap   total 540672K, used 243311K [0x0000000700000000, 0x0000000800000000)
  region size 2048K, 14 young (28672K), 13 survivors (26624K)
 Metaspace       used 256917K, committed 259456K, reserved 1310720K
  class space    used 32487K, committed 33728K, reserved 1048576K
}
Event: 9575.821 GC heap after
{Heap after GC invocations=124 (full 0):
 garbage-first heap   total 540672K, used 240643K [0x0000000700000000, 0x0000000800000000)
  region size 2048K, 2 young (4096K), 2 survivors (4096K)
 Metaspace       used 256917K, committed 259456K, reserved 1310720K
  class space    used 32487K, committed 33728K, reserved 1048576K
}
Event: 9580.730 GC heap before
{Heap before GC invocations=124 (full 0):
 garbage-first heap   total 540672K, used 263171K [0x0000000700000000, 0x0000000800000000)
  region size 2048K, 13 young (26624K), 2 survivors (4096K)
 Metaspace       used 256927K, committed 259456K, reserved 1310720K
  class space    used 32489K, committed 33728K, reserved 1048576K
}
Event: 9580.954 GC heap after
{Heap after GC invocations=125 (full 0):
 garbage-first heap   total 540672K, used 237842K [0x0000000700000000, 0x0000000800000000)
  region size 2048K, 1 young (2048K), 1 survivors (2048K)
 Metaspace       used 256927K, committed 259456K, reserved 1310720K
  class space    used 32489K, committed 33728K, reserved 1048576K
}
Event: 9584.383 GC heap before
{Heap before GC invocations=125 (full 0):
 garbage-first heap   total 540672K, used 264466K [0x0000000700000000, 0x0000000800000000)
  region size 2048K, 14 young (28672K), 1 survivors (2048K)
 Metaspace       used 257021K, committed 259584K, reserved 1310720K
  class space    used 32489K, committed 33728K, reserved 1048576K
}
Event: 9584.478 GC heap after
{Heap after GC invocations=126 (full 0):
 garbage-first heap   total 540672K, used 240095K [0x0000000700000000, 0x0000000800000000)
  region size 2048K, 2 young (4096K), 2 survivors (4096K)
 Metaspace       used 257021K, committed 259584K, reserved 1310720K
  class space    used 32489K, committed 33728K, reserved 1048576K
}
Event: 9587.459 GC heap before
{Heap before GC invocations=126 (full 0):
 garbage-first heap   total 540672K, used 266719K [0x0000000700000000, 0x0000000800000000)
  region size 2048K, 16 young (32768K), 2 survivors (4096K)
 Metaspace       used 257170K, committed 259776K, reserved 1310720K
  class space    used 32507K, committed 33792K, reserved 1048576K
}

Dll operation events (14 events):
Event: 0.410 Loaded shared library C:\Users\habib\.vscode\extensions\redhat.java-1.54.0-win32-x64\jre\21.0.10-win32-x86_64\bin\java.dll
Event: 0.877 Loaded shared library C:\Users\habib\.vscode\extensions\redhat.java-1.54.0-win32-x64\jre\21.0.10-win32-x86_64\bin\zip.dll
Event: 1.173 Loaded shared library C:\Users\habib\.vscode\extensions\redhat.java-1.54.0-win32-x64\jre\21.0.10-win32-x86_64\bin\instrument.dll
Event: 1.937 Loaded shared library C:\Users\habib\.vscode\extensions\redhat.java-1.54.0-win32-x64\jre\21.0.10-win32-x86_64\bin\net.dll
Event: 2.151 Loaded shared library C:\Users\habib\.vscode\extensions\redhat.java-1.54.0-win32-x64\jre\21.0.10-win32-x86_64\bin\nio.dll
Event: 2.212 Loaded shared library C:\Users\habib\.vscode\extensions\redhat.java-1.54.0-win32-x64\jre\21.0.10-win32-x86_64\bin\zip.dll
Event: 5.138 Loaded shared library C:\Users\habib\.vscode\extensions\redhat.java-1.54.0-win32-x64\jre\21.0.10-win32-x86_64\bin\jimage.dll
Event: 7.610 Loaded shared library C:\Users\habib\.vscode\extensions\redhat.java-1.54.0-win32-x64\jre\21.0.10-win32-x86_64\bin\verify.dll
Event: 8.587 Loaded shared library C:\Users\habib\.gradle\native\1def1411415f61bf3af743bc5b6707747c0891f09f0c88961ee8f79bc544acac\windows-amd64\native-platform.dll
Event: 9.402 Loaded shared library C:\Users\habib\.gradle\native\0.2.7\x86_64-windows-gnu\gradle-fileevents.dll
Event: 18.243 Loaded shared library C:\Users\habib\.vscode\extensions\redhat.java-1.54.0-win32-x64\jre\21.0.10-win32-x86_64\bin\management.dll
Event: 18.547 Loaded shared library C:\Users\habib\.vscode\extensions\redhat.java-1.54.0-win32-x64\jre\21.0.10-win32-x86_64\bin\management_ext.dll
Event: 19.564 Loaded shared library C:\Users\habib\.vscode\extensions\redhat.java-1.54.0-win32-x64\jre\21.0.10-win32-x86_64\bin\extnet.dll
Event: 25.409 Loaded shared library C:\Users\habib\.vscode\extensions\redhat.java-1.54.0-win32-x64\jre\21.0.10-win32-x86_64\bin\sunmscapi.dll

Deoptimization events (20 events):
Event: 9560.066 Thread 0x0000017921fcb400 DEOPT PACKING pc=0x00000178ba690f24 sp=0x000000669d5ff580
Event: 9560.067 Thread 0x0000017921fcb400 DEOPT UNPACKING pc=0x00000178bf9e4bc2 sp=0x000000669d5feaa8 mode 0
Event: 9560.082 Thread 0x0000017921fcad70 DEOPT PACKING pc=0x00000178ba690f24 sp=0x000000669d6ff020
Event: 9560.082 Thread 0x0000017921fcad70 DEOPT UNPACKING pc=0x00000178bf9e4bc2 sp=0x000000669d6fe548 mode 0
Event: 9560.089 Thread 0x0000017921fca6e0 DEOPT PACKING pc=0x00000178ba690f24 sp=0x000000669d4ff330
Event: 9560.089 Thread 0x0000017921fca6e0 DEOPT UNPACKING pc=0x00000178bf9e4bc2 sp=0x000000669d4fe858 mode 0
Event: 9560.110 Thread 0x0000017921fca050 DEOPT PACKING pc=0x00000178ba690f24 sp=0x000000669d2ff0d0
Event: 9560.110 Thread 0x0000017921fca050 DEOPT UNPACKING pc=0x00000178bf9e4bc2 sp=0x000000669d2fe5f8 mode 0
Event: 9560.161 Thread 0x0000017918fe7910 DEOPT PACKING pc=0x00000178ba691654 sp=0x000000669c5ff4a0
Event: 9560.161 Thread 0x0000017918fe7910 DEOPT UNPACKING pc=0x00000178bf9e4bc2 sp=0x000000669c5fe9c8 mode 0
Event: 9560.216 Thread 0x000001791a5bf580 DEOPT PACKING pc=0x00000178ba691654 sp=0x000000669c0ff3f0
Event: 9560.216 Thread 0x000001791a5bf580 DEOPT UNPACKING pc=0x00000178bf9e4bc2 sp=0x000000669c0fe918 mode 0
Event: 9561.715 Thread 0x000001791a5bce20 DEOPT PACKING pc=0x00000178ba691654 sp=0x000000669bfff0c0
Event: 9561.715 Thread 0x000001791a5bce20 DEOPT UNPACKING pc=0x00000178bf9e4bc2 sp=0x000000669bffe5e8 mode 0
Event: 9562.282 Thread 0x000001791a5bc790 DEOPT PACKING pc=0x00000178ba691654 sp=0x000000669a5ff1d0
Event: 9562.282 Thread 0x000001791a5bc790 DEOPT UNPACKING pc=0x00000178bf9e4bc2 sp=0x000000669a5fe6f8 mode 0
Event: 9562.284 Thread 0x0000017918424070 DEOPT PACKING pc=0x00000178ba691654 sp=0x000000669a4ff290
Event: 9562.284 Thread 0x0000017918424070 DEOPT UNPACKING pc=0x00000178bf9e4bc2 sp=0x000000669a4fe7b8 mode 0
Event: 9570.121 Thread 0x000001791a5bf580 DEOPT PACKING pc=0x00000178b86b2677 sp=0x000000669c0f8f60
Event: 9570.122 Thread 0x000001791a5bf580 DEOPT UNPACKING pc=0x00000178bf9e4bc2 sp=0x000000669c0f8398 mode 0

Classes loaded (20 events):
Event: 9375.468 Loading class java/text/StringCharacterIterator
Event: 9375.472 Loading class java/text/CharacterIterator
Event: 9375.475 Loading class java/text/CharacterIterator done
Event: 9375.475 Loading class java/text/StringCharacterIterator done
Event: 9376.271 Loading class java/util/function/IntUnaryOperator
Event: 9376.273 Loading class java/util/function/IntUnaryOperator done
Event: 9377.049 Loading class java/util/AbstractList$RandomAccessSubList
Event: 9377.050 Loading class java/util/AbstractList$SubList
Event: 9377.051 Loading class java/util/AbstractList$SubList done
Event: 9377.051 Loading class java/util/AbstractList$RandomAccessSubList done
Event: 9379.212 Loading class java/util/AbstractList$SubList$1
Event: 9379.212 Loading class java/util/AbstractList$SubList$1 done
Event: 9379.878 Loading class java/util/EnumMap$EntrySet
Event: 9379.882 Loading class java/util/EnumMap$EntrySet done
Event: 9379.882 Loading class java/util/EnumMap$EntryIterator
Event: 9379.883 Loading class java/util/EnumMap$EntryIterator done
Event: 9379.883 Loading class java/util/EnumMap$EntryIterator$Entry
Event: 9379.883 Loading class java/util/EnumMap$EntryIterator$Entry done
Event: 9393.945 Loading class java/util/zip/ZipInputStream
Event: 9393.945 Loading class java/util/zip/ZipInputStream done

Classes unloaded (20 events):
Event: 9361.012 Thread 0x00000178cf17e920 Unloading class 0x00000178d1314c00 'java/lang/invoke/LambdaForm$MH+0x00000178d1314c00'
Event: 9361.012 Thread 0x00000178cf17e920 Unloading class 0x00000178d1314800 'java/lang/invoke/LambdaForm$MH+0x00000178d1314800'
Event: 9361.014 Thread 0x00000178cf17e920 Unloading class 0x00000178d1314400 'java/lang/invoke/LambdaForm$MH+0x00000178d1314400'
Event: 9361.014 Thread 0x00000178cf17e920 Unloading class 0x00000178d1314000 'java/lang/invoke/LambdaForm$MH+0x00000178d1314000'
Event: 9361.014 Thread 0x00000178cf17e920 Unloading class 0x00000178d12d1400 'java/lang/invoke/LambdaForm$MH+0x00000178d12d1400'
Event: 9361.014 Thread 0x00000178cf17e920 Unloading class 0x00000178d12d1000 'java/lang/invoke/LambdaForm$MH+0x00000178d12d1000'
Event: 9361.014 Thread 0x00000178cf17e920 Unloading class 0x00000178d12c5800 'java/lang/invoke/LambdaForm$MH+0x00000178d12c5800'
Event: 9361.015 Thread 0x00000178cf17e920 Unloading class 0x00000178d12c5400 'java/lang/invoke/LambdaForm$MH+0x00000178d12c5400'
Event: 9361.015 Thread 0x00000178cf17e920 Unloading class 0x00000178d12c5000 'java/lang/invoke/LambdaForm$MH+0x00000178d12c5000'
Event: 9361.017 Thread 0x00000178cf17e920 Unloading class 0x00000178d1242800 'java/lang/invoke/LambdaForm$MH+0x00000178d1242800'
Event: 9361.017 Thread 0x00000178cf17e920 Unloading class 0x00000178d1242400 'java/lang/invoke/LambdaForm$MH+0x00000178d1242400'
Event: 9361.017 Thread 0x00000178cf17e920 Unloading class 0x00000178d1035800 'java/lang/invoke/LambdaForm$MH+0x00000178d1035800'
Event: 9361.017 Thread 0x00000178cf17e920 Unloading class 0x00000178d1000400 'java/lang/invoke/LambdaForm$MH+0x00000178d1000400'
Event: 9461.863 Thread 0x00000178cf17e920 Unloading class 0x00000178d1a56400 'java/lang/invoke/LambdaForm$MH+0x00000178d1a56400'
Event: 9461.863 Thread 0x00000178cf17e920 Unloading class 0x00000178d1a56000 'java/lang/invoke/LambdaForm$MH+0x00000178d1a56000'
Event: 9461.864 Thread 0x00000178cf17e920 Unloading class 0x00000178d1a54000 'java/lang/invoke/LambdaForm$MH+0x00000178d1a54000'
Event: 9461.864 Thread 0x00000178cf17e920 Unloading class 0x00000178d1a53c00 'java/lang/invoke/LambdaForm$MH+0x00000178d1a53c00'
Event: 9461.864 Thread 0x00000178cf17e920 Unloading class 0x00000178d1a50400 'java/lang/invoke/LambdaForm$MH+0x00000178d1a50400'
Event: 9461.865 Thread 0x00000178cf17e920 Unloading class 0x00000178d1384800 'java/lang/invoke/LambdaForm$MH+0x00000178d1384800'
Event: 9461.865 Thread 0x00000178cf17e920 Unloading class 0x00000178d1384400 'java/lang/invoke/LambdaForm$MH+0x00000178d1384400'

Classes redefined (0 events):
No events

Internal exceptions (20 events):
Event: 9524.773 Thread 0x000001791a5bf580 Exception <a 'java/lang/NoSuchMethodError'{0x000000071ad35b18}: 'void java.lang.invoke.Invokers$Holder.invokeExact_MT(java.lang.Object, java.lang.Object, java.lang.Object)'> (0x000000071ad35b18) 
thrown [s\src\hotspot\share\interpreter\linkResolver.cpp, line 773]
Event: 9525.674 Thread 0x000001791a5bf580 Exception <a 'java/lang/NoSuchMethodError'{0x0000000719a923c0}: static Lcom/android/build/gradle/internal/profile/ProjectData;.<clinit>()V> (0x0000000719a923c0) 
thrown [s\src\hotspot\share\prims\jni.cpp, line 1111]
Event: 9525.986 Thread 0x000001791a5bf580 Exception <a 'sun/nio/fs/WindowsException'{0x00000007194e8a88}> (0x00000007194e8a88) 
thrown [s\src\hotspot\share\prims\jni.cpp, line 520]
Event: 9557.437 Thread 0x00000179225950c0 Exception <a 'sun/nio/fs/WindowsException'{0x0000000714a00d90}> (0x0000000714a00d90) 
thrown [s\src\hotspot\share\prims\jni.cpp, line 520]
Event: 9558.342 Thread 0x000001791a5bf580 Exception <a 'sun/nio/fs/WindowsException'{0x00000007146eefe0}> (0x00000007146eefe0) 
thrown [s\src\hotspot\share\prims\jni.cpp, line 520]
Event: 9560.316 Thread 0x0000017918424070 Exception <a 'java/lang/NoSuchMethodError'{0x000000071351cdd0}: static Lorg/gradle/tooling/internal/provider/serialization/ClassLoaderDetails;.<clinit>()V> (0x000000071351cdd0) 
thrown [s\src\hotspot\share\prims\jni.cpp, line 1111]
Event: 9560.365 Thread 0x0000017918424070 Exception <a 'java/lang/NoSuchMethodError'{0x00000007135b5b50}: static Lorg/gradle/tooling/internal/provider/serialization/WellKnownClassLoaderRegistry$KnownClassLoaderSpec;.<clinit>()V> (0x00000007135b5b50) 
thrown [s\src\hotspot\share\prims\jni.cpp, line 1111]
Event: 9560.365 Thread 0x0000017918424070 Exception <a 'java/lang/NoSuchMethodError'{0x00000007135b72e8}: static Lorg/gradle/internal/classloader/ClassLoaderSpec;.<clinit>()V> (0x00000007135b72e8) 
thrown [s\src\hotspot\share\prims\jni.cpp, line 1111]
Event: 9560.400 Thread 0x0000017918424070 Exception <a 'java/lang/NoSuchMethodError'{0x00000007135cc268}: static Lorg/gradle/internal/classloader/ClassLoaderSpec;.<clinit>()V> (0x00000007135cc268) 
thrown [s\src\hotspot\share\prims\jni.cpp, line 1111]
Event: 9560.420 Thread 0x0000017918424070 Exception <a 'java/lang/NoSuchMethodError'{0x0000000713205990}: static Lorg/gradle/internal/classloader/VisitableURLClassLoader$Spec;.<clinit>()V> (0x0000000713205990) 
thrown [s\src\hotspot\share\prims\jni.cpp, line 1111]
Event: 9560.484 Thread 0x0000017918424070 Exception <a 'java/lang/NoSuchMethodError'{0x0000000713311968}: static [Ljava/net/URL;.<clinit>()V> (0x0000000713311968) 
thrown [s\src\hotspot\share\prims\jni.cpp, line 1111]
Event: 9569.169 Thread 0x000001791a5bf580 Exception <a 'java/lang/NoSuchMethodError'{0x0000000711af1d48}: 'java.lang.Object java.lang.invoke.DelegatingMethodHandle$Holder.reinvoke_L(java.lang.Object, java.lang.Object, java.lang.Object, java.lang.Object, java.lang.Object, java.lang.Object, java.lang.Object, java.lang.Object, java.lang.Object, java.lang.Object, java.lang.Object, java.lang.Object, java.lang.Object, java.lang.Object, java.lang.Object, java.lang.Object, java.lang.Object, java.lang.Object, java.lang.Object, java.lang.Object, java.lang.O
Event: 9569.732 Thread 0x000001791a5bf580 Exception <a 'sun/nio/fs/WindowsException'{0x00000007116097a0}> (0x00000007116097a0) 
thrown [s\src\hotspot\share\prims\jni.cpp, line 520]
Event: 9569.737 Thread 0x000001791a5bf580 Exception <a 'sun/nio/fs/WindowsException'{0x000000071160ab90}> (0x000000071160ab90) 
thrown [s\src\hotspot\share\prims\jni.cpp, line 520]
Event: 9569.739 Thread 0x000001791a5bf580 Exception <a 'sun/nio/fs/WindowsException'{0x000000071160bf70}> (0x000000071160bf70) 
thrown [s\src\hotspot\share\prims\jni.cpp, line 520]
Event: 9569.741 Thread 0x000001791a5bf580 Exception <a 'sun/nio/fs/WindowsException'{0x000000071160d010}> (0x000000071160d010) 
thrown [s\src\hotspot\share\prims\jni.cpp, line 520]
Event: 9569.786 Thread 0x000001791a5bf580 Exception <a 'java/lang/NoSuchMethodError'{0x0000000711653120}: 'java.lang.Object java.lang.invoke.DelegatingMethodHandle$Holder.reinvoke_L(java.lang.Object, java.lang.Object, java.lang.Object, java.lang.Object, java.lang.Object, java.lang.Object, java.lang.Object, java.lang.Object, java.lang.Object, java.lang.Object, java.lang.Object, java.lang.Object, java.lang.Object, java.lang.Object, java.lang.Object, java.lang.Object, java.lang.Object, java.lang.Object, java.lang.Object, java.lang.Object, java.lang.O
Event: 9578.840 Thread 0x000001791a5bf580 Exception <a 'sun/nio/fs/WindowsException'{0x000000071fbe8e68}> (0x000000071fbe8e68) 
thrown [s\src\hotspot\share\prims\jni.cpp, line 520]
Event: 9578.853 Thread 0x000001791a5bf580 Exception <a 'sun/nio/fs/WindowsException'{0x000000071fbea408}> (0x000000071fbea408) 
thrown [s\src\hotspot\share\prims\jni.cpp, line 520]
Event: 9578.919 Thread 0x000001791a5bf580 Exception <a 'sun/nio/fs/WindowsException'{0x000000071fbec620}> (0x000000071fbec620) 
thrown [s\src\hotspot\share\prims\jni.cpp, line 520]

ZGC Phase Switch (0 events):
No events

VM Operations (20 events):
Event: 9573.353 Executing safepoint VM operation: Cleanup done
Event: 9573.433 Executing safepoint VM operation: G1CollectForAllocation (G1 Evacuation Pause)
Event: 9574.443 Executing safepoint VM operation: G1CollectForAllocation (G1 Evacuation Pause) done
Event: 9574.515 Executing safepoint VM operation: G1CollectForAllocation (G1 Evacuation Pause)
Event: 9575.886 Executing safepoint VM operation: G1CollectForAllocation (G1 Evacuation Pause) done
Event: 9579.899 Executing safepoint VM operation: Cleanup
Event: 9579.914 Executing safepoint VM operation: Cleanup done
Event: 9580.702 Executing safepoint VM operation: G1CollectForAllocation (G1 Evacuation Pause)
Event: 9580.954 Executing safepoint VM operation: G1CollectForAllocation (G1 Evacuation Pause) done
Event: 9582.965 Executing safepoint VM operation: Cleanup
Event: 9582.966 Executing safepoint VM operation: Cleanup done
Event: 9583.981 Executing safepoint VM operation: Cleanup
Event: 9583.981 Executing safepoint VM operation: Cleanup done
Event: 9584.382 Executing safepoint VM operation: G1CollectForAllocation (G1 Evacuation Pause)
Event: 9584.478 Executing safepoint VM operation: G1CollectForAllocation (G1 Evacuation Pause) done
Event: 9585.487 Executing safepoint VM operation: Cleanup
Event: 9585.487 Executing safepoint VM operation: Cleanup done
Event: 9586.499 Executing safepoint VM operation: Cleanup
Event: 9586.519 Executing safepoint VM operation: Cleanup done
Event: 9587.459 Executing safepoint VM operation: G1TryInitiateConcMark (CodeCache GC Threshold)

Memory protections (0 events):
No events

Nmethod flushes (20 events):
Event: 9464.937 Thread 0x00000178cf17e920 flushing  nmethod 0x00000178b9cf0610
Event: 9464.937 Thread 0x00000178cf17e920 flushing  nmethod 0x00000178b9cf0f90
Event: 9464.937 Thread 0x00000178cf17e920 flushing  nmethod 0x00000178b9d61610
Event: 9464.937 Thread 0x00000178cf17e920 flushing  nmethod 0x00000178b9d91490
Event: 9464.937 Thread 0x00000178cf17e920 flushing  nmethod 0x00000178b9d9bc10
Event: 9464.937 Thread 0x00000178cf17e920 flushing  nmethod 0x00000178b9dd2890
Event: 9464.937 Thread 0x00000178cf17e920 flushing  nmethod 0x00000178b9f01390
Event: 9464.937 Thread 0x00000178cf17e920 flushing  nmethod 0x00000178b9f01810
Event: 9464.937 Thread 0x00000178cf17e920 flushing  nmethod 0x00000178b9fc9890
Event: 9464.937 Thread 0x00000178cf17e920 flushing  nmethod 0x00000178b9fd1810
Event: 9464.937 Thread 0x00000178cf17e920 flushing  nmethod 0x00000178ba09a010
Event: 9464.937 Thread 0x00000178cf17e920 flushing  nmethod 0x00000178ba387810
Event: 9464.937 Thread 0x00000178cf17e920 flushing  nmethod 0x00000178ba41a610
Event: 9464.937 Thread 0x00000178cf17e920 flushing  nmethod 0x00000178ba424990
Event: 9464.937 Thread 0x00000178cf17e920 flushing  nmethod 0x00000178ba55ec90
Event: 9464.937 Thread 0x00000178cf17e920 flushing  nmethod 0x00000178ba563d10
Event: 9464.941 Thread 0x00000178cf17e920 flushing  nmethod 0x00000178ba97c710
Event: 9464.941 Thread 0x00000178cf17e920 flushing  nmethod 0x00000178ba9a3090
Event: 9464.941 Thread 0x00000178cf17e920 flushing  nmethod 0x00000178ba9baf10
Event: 9464.941 Thread 0x00000178cf17e920 flushing  nmethod 0x00000178baa36c90

Events (20 events):
Event: 9583.643 Thread 0x000001791a5bf580 Thread added: 0x000001791c3156a0
Event: 9583.644 Thread 0x000001791a5bf580 Thread added: 0x000001791c3191b0
Event: 9584.132 Thread 0x000001791a5bf580 Thread added: 0x0000017918d8edf0
Event: 9584.134 Thread 0x000001791a5bf580 Thread added: 0x0000017918d8f480
Event: 9584.135 Thread 0x000001791a5bf580 Thread added: 0x0000017918d901a0
Event: 9584.136 Thread 0x000001791a5bf580 Thread added: 0x000001792c06fed0
Event: 9584.137 Thread 0x000001791a5bf580 Thread added: 0x000001792c070560
Event: 9584.137 Thread 0x000001791a5bf580 Thread added: 0x000001792c072630
Event: 9584.138 Thread 0x000001791a5bf580 Thread added: 0x000001792c071280
Event: 9584.609 Thread 0x000001791a5bf580 Thread added: 0x000001791c315d30
Event: 9584.615 Thread 0x000001791a5bf580 Thread added: 0x000001791c31ccc0
Event: 9584.616 Thread 0x000001791a5bf580 Thread added: 0x000001791c31abf0
Event: 9584.617 Thread 0x000001791a5bf580 Thread added: 0x000001791c31c630
Event: 9584.618 Thread 0x000001791a5bf580 Thread added: 0x000001791c319840
Event: 9584.619 Thread 0x000001791a5bf580 Thread added: 0x000001791c31d350
Event: 9584.620 Thread 0x000001791a5bf580 Thread added: 0x000001791aee9720
Event: 9584.620 Thread 0x000001791a5bf580 Thread added: 0x000001791aeea440
Event: 9584.706 Thread 0x000001791a5bf580 Thread added: 0x000001791aeeaad0
Event: 9584.846 Thread 0x000001791a5bf580 Thread added: 0x000001792169d6e0
Event: 9586.781 Thread 0x000001791a5bf580 Thread added: 0x000001791c319ed0


Dynamic libraries:
0x00007ff6f2880000 - 0x00007ff6f288e000 	C:\Users\habib\.vscode\extensions\redhat.java-1.54.0-win32-x64\jre\21.0.10-win32-x86_64\bin\java.exe
0x00007fffc0000000 - 0x00007fffc0267000 	C:\WINDOWS\SYSTEM32\ntdll.dll
0x00007fffbe7f0000 - 0x00007fffbe8b9000 	C:\WINDOWS\System32\KERNEL32.DLL
0x00007fffbd900000 - 0x00007fffbdcf4000 	C:\WINDOWS\System32\KERNELBASE.dll
0x00007fff1b8e0000 - 0x00007fff1b8f8000 	C:\Users\habib\.vscode\extensions\redhat.java-1.54.0-win32-x64\jre\21.0.10-win32-x86_64\bin\jli.dll
0x00007fff17240000 - 0x00007fff1725e000 	C:\Users\habib\.vscode\extensions\redhat.java-1.54.0-win32-x64\jre\21.0.10-win32-x86_64\bin\VCRUNTIME140.dll
0x00007fffbd200000 - 0x00007fffbd34b000 	C:\WINDOWS\System32\ucrtbase.dll
0x00007fffbee10000 - 0x00007fffbefd5000 	C:\WINDOWS\System32\USER32.dll
0x00007fffbd4d0000 - 0x00007fffbd4f7000 	C:\WINDOWS\System32\win32u.dll
0x00007fffbe430000 - 0x00007fffbe45b000 	C:\WINDOWS\System32\GDI32.dll
0x00007fffa8220000 - 0x00007fffa84b3000 	C:\WINDOWS\WinSxS\amd64_microsoft.windows.common-controls_6595b64144ccf1df_6.0.26100.8115_none_3e075c82e3354f9c\COMCTL32.dll
0x00007fffbd500000 - 0x00007fffbd62b000 	C:\WINDOWS\System32\gdi32full.dll
0x00007fffbdde0000 - 0x00007fffbde89000 	C:\WINDOWS\System32\msvcrt.dll
0x00007fffbd850000 - 0x00007fffbd8f3000 	C:\WINDOWS\System32\msvcp_win.dll
0x00007fffbfb30000 - 0x00007fffbfb62000 	C:\WINDOWS\System32\IMM32.DLL
0x00007fff640d0000 - 0x00007fff640dc000 	C:\Users\habib\.vscode\extensions\redhat.java-1.54.0-win32-x64\jre\21.0.10-win32-x86_64\bin\vcruntime140_1.dll
0x00007fff171b0000 - 0x00007fff1723d000 	C:\Users\habib\.vscode\extensions\redhat.java-1.54.0-win32-x64\jre\21.0.10-win32-x86_64\bin\msvcp140.dll
0x00007fff153b0000 - 0x00007fff16151000 	C:\Users\habib\.vscode\extensions\redhat.java-1.54.0-win32-x64\jre\21.0.10-win32-x86_64\bin\server\jvm.dll
0x00007fffbff00000 - 0x00007fffbffb6000 	C:\WINDOWS\System32\ADVAPI32.dll
0x00007fffbe6b0000 - 0x00007fffbe757000 	C:\WINDOWS\System32\sechost.dll
0x00007fffbf9b0000 - 0x00007fffbfac8000 	C:\WINDOWS\System32\RPCRT4.dll
0x00007fffbe760000 - 0x00007fffbe7e0000 	C:\WINDOWS\System32\WS2_32.dll
0x00007fffbc730000 - 0x00007fffbc78e000 	C:\WINDOWS\SYSTEM32\POWRPROF.dll
0x00007fffaa240000 - 0x00007fffaa276000 	C:\WINDOWS\SYSTEM32\WINMM.dll
0x00007fffb5670000 - 0x00007fffb567b000 	C:\WINDOWS\SYSTEM32\VERSION.dll
0x00007fffbc710000 - 0x00007fffbc724000 	C:\WINDOWS\SYSTEM32\UMPDC.dll
0x00007fffbb630000 - 0x00007fffbb64b000 	C:\WINDOWS\SYSTEM32\kernel.appcore.dll
0x00007fff422c0000 - 0x00007fff422ca000 	C:\Users\habib\.vscode\extensions\redhat.java-1.54.0-win32-x64\jre\21.0.10-win32-x86_64\bin\jimage.dll
0x00007fffba7a0000 - 0x00007fffba9e2000 	C:\WINDOWS\SYSTEM32\DBGHELP.DLL
0x00007fffbfb70000 - 0x00007fffbfef2000 	C:\WINDOWS\System32\combase.dll
0x00007fffbed30000 - 0x00007fffbee08000 	C:\WINDOWS\System32\OLEAUT32.dll
0x00007fff9dfa0000 - 0x00007fff9dfdb000 	C:\WINDOWS\SYSTEM32\dbgcore.DLL
0x00007fffbd630000 - 0x00007fffbd6d5000 	C:\WINDOWS\System32\bcryptPrimitives.dll
0x00007fffaf4b0000 - 0x00007fffaf4bf000 	C:\Users\habib\.vscode\extensions\redhat.java-1.54.0-win32-x64\jre\21.0.10-win32-x86_64\bin\instrument.dll
0x00007fff17070000 - 0x00007fff17090000 	C:\Users\habib\.vscode\extensions\redhat.java-1.54.0-win32-x64\jre\21.0.10-win32-x86_64\bin\java.dll
0x00007fffbf240000 - 0x00007fffbf9a7000 	C:\WINDOWS\System32\SHELL32.dll
0x00007fffbd6e0000 - 0x00007fffbd84a000 	C:\WINDOWS\System32\wintypes.dll
0x00007fffbc990000 - 0x00007fffbd1f8000 	C:\WINDOWS\System32\windows.storage.dll
0x00007fffbe330000 - 0x00007fffbe428000 	C:\WINDOWS\System32\SHCORE.dll
0x00007fffbe4a0000 - 0x00007fffbe506000 	C:\WINDOWS\System32\shlwapi.dll
0x00007fffbc7f0000 - 0x00007fffbc819000 	C:\WINDOWS\SYSTEM32\profapi.dll
0x00007fff17190000 - 0x00007fff171a8000 	C:\Users\habib\.vscode\extensions\redhat.java-1.54.0-win32-x64\jre\21.0.10-win32-x86_64\bin\zip.dll
0x00007fff1d870000 - 0x00007fff1d880000 	C:\Users\habib\.vscode\extensions\redhat.java-1.54.0-win32-x64\jre\21.0.10-win32-x86_64\bin\net.dll
0x00007fffb2c10000 - 0x00007fffb2d3d000 	C:\WINDOWS\SYSTEM32\WINHTTP.dll
0x00007fffbbbd0000 - 0x00007fffbbc3c000 	C:\WINDOWS\system32\mswsock.dll
0x00007fff17170000 - 0x00007fff17186000 	C:\Users\habib\.vscode\extensions\redhat.java-1.54.0-win32-x64\jre\21.0.10-win32-x86_64\bin\nio.dll
0x00007fffaf4a0000 - 0x00007fffaf4b0000 	C:\Users\habib\.vscode\extensions\redhat.java-1.54.0-win32-x64\jre\21.0.10-win32-x86_64\bin\verify.dll
0x00007fffaf7e0000 - 0x00007fffaf807000 	C:\Users\habib\.gradle\native\1def1411415f61bf3af743bc5b6707747c0891f09f0c88961ee8f79bc544acac\windows-amd64\native-platform.dll
0x00007fff5e8e0000 - 0x00007fff5e958000 	C:\Users\habib\.gradle\native\0.2.7\x86_64-windows-gnu\gradle-fileevents.dll
0x00007fffaf7d0000 - 0x00007fffaf7da000 	C:\Users\habib\.vscode\extensions\redhat.java-1.54.0-win32-x64\jre\21.0.10-win32-x86_64\bin\management.dll
0x00007fff65630000 - 0x00007fff6563c000 	C:\Users\habib\.vscode\extensions\redhat.java-1.54.0-win32-x64\jre\21.0.10-win32-x86_64\bin\management_ext.dll
0x00007fffbe320000 - 0x00007fffbe328000 	C:\WINDOWS\System32\PSAPI.DLL
0x00007fffbb010000 - 0x00007fffbb042000 	C:\WINDOWS\SYSTEM32\IPHLPAPI.DLL
0x00007fffbed20000 - 0x00007fffbed2a000 	C:\WINDOWS\System32\NSI.dll
0x00007fff6c030000 - 0x00007fff6c039000 	C:\Users\habib\.vscode\extensions\redhat.java-1.54.0-win32-x64\jre\21.0.10-win32-x86_64\bin\extnet.dll
0x00007fffbbec0000 - 0x00007fffbbedb000 	C:\WINDOWS\SYSTEM32\CRYPTSP.dll
0x00007fffbb590000 - 0x00007fffbb5c9000 	C:\WINDOWS\system32\rsaenh.dll
0x00007fffbbc80000 - 0x00007fffbbcb3000 	C:\WINDOWS\SYSTEM32\USERENV.dll
0x00007fffbc7c0000 - 0x00007fffbc7ea000 	C:\WINDOWS\SYSTEM32\bcrypt.dll
0x00007fffbbeb0000 - 0x00007fffbbebc000 	C:\WINDOWS\SYSTEM32\CRYPTBASE.dll
0x00007fffab7d0000 - 0x00007fffab7de000 	C:\Users\habib\.vscode\extensions\redhat.java-1.54.0-win32-x64\jre\21.0.10-win32-x86_64\bin\sunmscapi.dll
0x00007fffbd350000 - 0x00007fffbd4c7000 	C:\WINDOWS\System32\CRYPT32.dll
0x00007fffbc0d0000 - 0x00007fffbc100000 	C:\WINDOWS\SYSTEM32\ncrypt.dll
0x00007fffbc080000 - 0x00007fffbc0bf000 	C:\WINDOWS\SYSTEM32\NTASN1.dll
0x00007fff4bf70000 - 0x00007fff4bf78000 	C:\WINDOWS\system32\wshunix.dll

JVMTI agents:
C:\Users\habib\.gradle\wrapper\dists\gradle-8.14.3-bin\cv11ve7ro1n3o1j4so8xd9n66\gradle-8.14.3\lib\agents\gradle-instrumentation-agent-8.14.3.jar path:C:\Users\habib\.vscode\extensions\redhat.java-1.54.0-win32-x64\jre\21.0.10-win32-x86_64\bin\instrument.dll, loaded, initialized, instrumentlib options:none

dbghelp: loaded successfully - version: 4.0.5 - missing functions: none
symbol engine: initialized successfully - sym options: 0x614 - pdb path: .;C:\Users\habib\.vscode\extensions\redhat.java-1.54.0-win32-x64\jre\21.0.10-win32-x86_64\bin;C:\WINDOWS\SYSTEM32;C:\WINDOWS\WinSxS\amd64_microsoft.windows.common-controls_6595b64144ccf1df_6.0.26100.8115_none_3e075c82e3354f9c;C:\Users\habib\.vscode\extensions\redhat.java-1.54.0-win32-x64\jre\21.0.10-win32-x86_64\bin\server;C:\Users\habib\.gradle\native\1def1411415f61bf3af743bc5b6707747c0891f09f0c88961ee8f79bc544acac\windows-amd64;C:\Users\habib\.gradle\native\0.2.7\x86_64-windows-gnu

VM Arguments:
jvm_args: --add-opens=java.base/java.lang=ALL-UNNAMED --add-opens=java.base/java.lang.invoke=ALL-UNNAMED --add-opens=java.base/java.util=ALL-UNNAMED --add-opens=java.prefs/java.util.prefs=ALL-UNNAMED --add-exports=jdk.compiler/com.sun.tools.javac.api=ALL-UNNAMED --add-exports=jdk.compiler/com.sun.tools.javac.util=ALL-UNNAMED --add-opens=java.base/java.util=ALL-UNNAMED --add-opens=java.prefs/java.util.prefs=ALL-UNNAMED --add-opens=java.base/java.nio.charset=ALL-UNNAMED --add-opens=java.base/java.net=ALL-UNNAMED --add-opens=java.base/java.util.concurrent.atomic=ALL-UNNAMED --add-opens=java.xml/javax.xml.namespace=ALL-UNNAMED -Xmx4096M -Dfile.encoding=UTF-8 -Duser.country=US -Duser.language=en -Duser.variant -javaagent:C:\Users\habib\.gradle\wrapper\dists\gradle-8.14.3-bin\cv11ve7ro1n3o1j4so8xd9n66\gradle-8.14.3\lib\agents\gradle-instrumentation-agent-8.14.3.jar 
java_command: org.gradle.launcher.daemon.bootstrap.GradleDaemon 8.14.3
java_class_path (initial): C:\Users\habib\.gradle\wrapper\dists\gradle-8.14.3-bin\cv11ve7ro1n3o1j4so8xd9n66\gradle-8.14.3\lib\gradle-daemon-main-8.14.3.jar
Launcher Type: SUN_STANDARD

[Global flags]
     intx CICompilerCount                          = 4                                         {product} {ergonomic}
     uint ConcGCThreads                            = 2                                         {product} {ergonomic}
     uint G1ConcRefinementThreads                  = 8                                         {product} {ergonomic}
   size_t G1HeapRegionSize                         = 2097152                                   {product} {ergonomic}
    uintx GCDrainStackTargetSize                   = 64                                        {product} {ergonomic}
   size_t InitialHeapSize                          = 134217728                                 {product} {ergonomic}
   size_t MarkStackSize                            = 4194304                                   {product} {ergonomic}
   size_t MaxHeapSize                              = 4294967296                                {product} {command line}
   size_t MaxNewSize                               = 2575302656                                {product} {ergonomic}
   size_t MinHeapDeltaBytes                        = 2097152                                   {product} {ergonomic}
   size_t MinHeapSize                              = 8388608                                   {product} {ergonomic}
    uintx NonNMethodCodeHeapSize                   = 5839372                                {pd product} {ergonomic}
    uintx NonProfiledCodeHeapSize                  = 122909434                              {pd product} {ergonomic}
    uintx ProfiledCodeHeapSize                     = 122909434                              {pd product} {ergonomic}
    uintx ReservedCodeCacheSize                    = 251658240                              {pd product} {ergonomic}
     bool SegmentedCodeCache                       = true                                      {product} {ergonomic}
   size_t SoftMaxHeapSize                          = 4294967296                             {manageable} {ergonomic}
     bool UseCompressedOops                        = true                           {product lp64_product} {ergonomic}
     bool UseG1GC                                  = true                                      {product} {ergonomic}
     bool UseLargePagesIndividualAllocation        = false                                  {pd product} {ergonomic}

Logging:
Log output configuration:
 #0: stdout all=warning uptime,level,tags foldmultilines=false
 #1: stderr all=off uptime,level,tags foldmultilines=false

Release file:
JAVA_VERSION="21.0.10" 
MODULES="java.base java.compiler java.datatransfer java.xml java.prefs java.desktop java.instrument java.logging java.management java.security.sasl java.naming java.rmi java.management.rmi java.net.http java.scripting java.security.jgss java.transaction.xa java.sql java.sql.rowset java.xml.crypto java.se java.smartcardio jdk.accessibility jdk.internal.jvmstat jdk.attach jdk.charsets jdk.internal.opt jdk.zipfs jdk.compiler jdk.crypto.ec jdk.crypto.cryptoki jdk.crypto.mscapi jdk.dynalink jdk.internal.ed jdk.editpad jdk.hotspot.agent jdk.httpserver jdk.internal.le jdk.internal.vm.ci jdk.internal.vm.compiler jdk.internal.vm.compiler.management jdk.jartool jdk.javadoc jdk.jcmd jdk.management jdk.management.agent jdk.jconsole jdk.jdeps jdk.jdwp.agent jdk.jdi jdk.jfr jdk.jshell jdk.jsobject jdk.jstatd jdk.localedata jdk.management.jfr jdk.naming.dns jdk.naming.rmi jdk.net jdk.nio.mapmode jdk.random jdk.sctp jdk.security.auth jdk.security.jgss jdk.unsupported jdk.unsupported.desktop jdk.xml.dom" 

Environment Variables:
JAVA_HOME=C:\Program Files\Eclipse Adoptium\jdk-17.0.17.10-hotspot\
PATH=C:\Users\habib\AppData\Local\Programs\Microsoft VS Code;C:\Program Files\Eclipse Adoptium\jdk-21.0.10.7-hotspot\bin;C:\Program Files (x86)\VMware\VMware Workstation\bin\;C:\Windows\System32;C:\Windows\System32\Wbem;C:\Windows\System32\WindowsPowerShell\v1.0\;C:\Users\habib\OneDrive\Desktop\flutter;C:\Program Files\Git\cmd;C:\Program Files\dotnet\;C:\Program Files\nodejs\;C:\Users\habib\venv\Scripts\;C:\Program Files\Vagrant\bin;C:\Users\habib\OneDrive\Desktop\cybersecurity\packer_1.15.0_windows_amd64\packer.exe;C:\Users\habib\OneDrive\Desktop\utest\google deku\platform-tools-latest-windows\platform-tools;C:\Program Files\GitHub CLI\;C:\Program Files\Docker\Docker\resources\bin;C:\Program Files\PowerShell\7\;C:\Program Files\Amazon\AWSCLIV2\;C:\src\flutter\bin;C:\Windows\System32;C:\Windows\System32\WindowsPowerShell\v1.0;C:\Windows\System32\;C:\Windows\System32\Wbem\;C:\Windows\System32\WindowsPowerShell\v1.0\;C:\Users\habib\AppData\Local\Programs\Microsoft VS Code\bin;C:\Users\habib\AppData\Local\Programs\Python\Python314\python.exe;C:\Users\habib\AppData\Roaming\npm;C:\Users\habib\AppData\Local\PowerToys\DSCModules\;C:\Program Files\JetBrains\IntelliJ IDEA 2025.3.3\bin;C:\Users\habib\.dotnet\tools
USERNAME=habib
OS=Windows_NT
PROCESSOR_IDENTIFIER=Intel64 Family 6 Model 142 Stepping 10, GenuineIntel
TMP=C:\Users\habib\AppData\Local\Temp
TEMP=C:\Users\habib\AppData\Local\Temp




Periodic native trim disabled

---------------  S Y S T E M  ---------------

OS:
 Windows 11 , 64 bit Build 26100 (10.0.26100.8246)
OS uptime: 1 days 20:34 hours
Hyper-V role detected

CPU: total 8 (initial active 8) (4 cores per cpu, 2 threads per core) family 6 model 142 stepping 10 microcode 0xe0, cx8, cmov, fxsr, ht, mmx, 3dnowpref, sse, sse2, sse3, ssse3, sse4.1, sse4.2, popcnt, lzcnt, tsc, tscinvbit, avx, avx2, aes, erms, clmul, bmi1, bmi2, adx, fma, vzeroupper, clflush, clflushopt, hv, rdtscp, f16c
Processor Information for the first 8 processors :
  Max Mhz: 1800, Current Mhz: 1600, Mhz Limit: 1584

Memory: 4k page, system-wide physical 8066M (44M free)
TotalPageFile size 32642M (AvailPageFile size 97M)
current process WorkingSet (physical memory assigned to process): 266M, peak: 746M
current process commit charge ("private bytes"): 1581M, peak: 2121M

vm_info: OpenJDK 64-Bit Server VM (21.0.10+7-LTS) for windows-amd64 JRE (21.0.10+7-LTS), built on 2026-01-20T00:00:00Z by "admin" with MS VC++ 17.12 (VS2022)

END.
